Iteration,Time Step,Time,Vx Vel,Vy Vel,Vz Vel,Pressure,Temp,TKE,TED,Scalar
1,1,1,0,0.0351989,0,0,21.195,0.000539634,0.996485,0
2,1,1,3.29E-07,0.0357973,-5.34E-07,0,21.195,0.000539634,0.996485,0
3,1,1,3.79E-07,0.0360604,-2.64E-06,0,21.195,0.000539634,0.996485,0
4,1,1,4.67E-07,0.036183,-4.20E-06,0,21.195,0.000539634,0.996485,0
5,1,1,5.90E-07,0.0362376,-5.13E-06,0,21.195,0.000539634,0.996485,0
6,1,1,6.95E-07,0.0362587,-5.66E-06,0,21.195,0.000539634,0.996485,0
7,1,1,7.54E-07,0.0362637,-5.97E-06,0,21.195,0.000539634,0.996485,0
8,1,1,7.68E-07,0.036261,-6.16E-06,0,21.195,0.000539634,0.996485,0
9,1,1,7.45E-07,0.0362552,-6.27E-06,0,21.195,0.000539634,0.996485,0
10,1,1,0.217266,0.121628,0.0382004,1.16898,21.195,0.000539634,0.996485,0
11,2,2,0.259552,0.146136,0.0561921,1.16898,21.195,0.00845705,0.664157,0
12,2,2,0.281872,0.155251,0.0596527,1.16898,21.195,0.128088,0.355607,0
13,2,2,0.299219,0.162843,0.0621146,1.16898,21.195,0.217301,0.208174,0
14,2,2,0.313196,0.169241,0.0640516,1.16898,21.195,0.287189,0.140337,0
15,2,2,0.324702,0.174661,0.0656455,1.16898,21.195,0.342761,0.112117,0
16,2,2,0.334273,0.179272,0.0669874,1.16898,21.195,0.387434,0.10314,0
17,2,2,0.342305,0.183209,0.0681318,1.16898,21.195,0.423487,0.103173,0
18,2,2,0.349073,0.186578,0.0691155,1.16898,21.195,0.452596,0.106589,0
19,2,2,0.354794,0.189468,0.0699661,1.16898,21.195,0.476157,0.110896,0
20,2,2,0.242461,0.143258,0.045015,0.40316,21.195,0.472154,0.106585,0
21,3,3,0.246772,0.149137,0.0504614,0.40316,21.195,0.49988,0.0933932,0
22,3,3,0.247568,0.150515,0.0506554,0.40316,21.195,0.508663,0.0887669,0
23,3,3,0.249397,0.152242,0.050757,0.40316,21.195,0.512683,0.0872799,0
24,3,3,0.252061,0.154401,0.0508764,0.40316,21.195,0.514456,0.0871212,0
25,3,3,0.255385,0.156936,0.0510392,0.40316,21.195,0.515109,0.0876189,0
26,3,3,0.259209,0.159771,0.0512439,0.40316,21.195,0.515154,0.0885197,0
27,3,3,0.263402,0.162832,0.0514825,0.40316,21.195,0.514836,0.0896931,0
28,3,3,0.267854,0.166047,0.0517455,0.40316,21.195,0.514283,0.0910851,0
29,3,3,0.272475,0.169357,0.052025,0.40316,21.195,0.513557,0.0926324,0
30,3,3,0.24914,0.147692,0.043077,0.282816,21.195,0.512156,0.0914448,0
31,4,4,0.254948,0.1514,0.0457825,0.282816,21.195,0.513545,0.0880005,0
32,4,4,0.257841,0.152972,0.0456265,0.282816,21.195,0.508218,0.0870365,0
33,4,4,0.261034,0.154572,0.0455259,0.282816,21.195,0.503285,0.086987,0
34,4,4,0.264383,0.156257,0.0454722,0.282816,21.195,0.499156,0.0873802,0
35,4,4,0.26781,0.157989,0.045454,0.282816,21.195,0.495827,0.088149,0
36,4,4,0.271249,0.159732,0.045451,0.282816,21.195,0.493179,0.0892579,0
37,4,4,0.274646,0.161453,0.0454645,0.282816,21.195,0.491079,0.0909711,0
38,4,4,0.277966,0.163124,0.0454946,0.282816,21.195,0.489411,0.0926498,0
39,4,4,0.281183,0.16472,0.0455276,0.282816,21.195,0.48807,0.0937689,0
40,4,4,0.257355,0.151995,0.0417483,0.180352,21.195,0.48606,0.0916932,0
41,5,5,0.261543,0.153482,0.0429625,0.180352,21.195,0.474682,0.0893187,0
42,5,5,0.263748,0.154066,0.0427685,0.180352,21.195,0.464176,0.0877279,0
43,5,5,0.266004,0.15465,0.0426552,0.180352,21.195,0.456215,0.0881755,0
44,5,5,0.268214,0.155275,0.0425814,0.180352,21.195,0.450243,0.0905449,0
45,5,5,0.27035,0.155912,0.0425343,0.180352,21.195,0.445776,0.0909798,0
46,5,5,0.272388,0.156541,0.04251,0.180352,21.195,0.442426,0.0919085,0
47,5,5,0.274314,0.157151,0.0425009,0.180352,21.195,0.43991,0.0921325,0
48,5,5,0.27612,0.157726,0.0425006,0.180352,21.195,0.438009,0.0928967,0
49,5,5,0.277797,0.15826,0.0425054,0.180352,21.195,0.436559,0.0924394,0
50,5,5,0.264533,0.154184,0.0409216,0.131489,21.195,0.435277,0.0910439,0
51,6,6,0.267554,0.154855,0.0413544,0.131489,21.195,0.419811,0.0910612,0
52,6,6,0.272501,0.1559,0.0414216,0.131489,21.195,0.409233,0.0863466,0
53,6,6,0.275957,0.156649,0.0414455,0.131489,21.195,0.401784,0.0863065,0
54,6,6,0.278403,0.157243,0.0414462,0.131489,21.195,0.396493,0.0862743,0
55,6,6,0.280173,0.157726,0.0414309,0.131489,21.195,0.392699,0.0913013,0
56,6,6,0.28146,0.158129,0.0414087,0.131489,21.195,0.389947,0.0926258,0
57,6,6,0.282396,0.158467,0.0413855,0.131489,21.195,0.387925,0.0929512,0
58,6,6,0.283074,0.158754,0.0413656,0.131489,21.195,0.386408,0.0915298,0
59,6,6,0.283559,0.158997,0.0413508,0.131489,21.195,0.385252,0.090752,0
60,6,6,0.271869,0.157065,0.0404616,0.0952758,21.195,0.383935,0.0892168,0
61,7,7,0.274232,0.157684,0.0405464,0.0952758,21.195,0.368032,0.0889727,0
62,7,7,0.275253,0.157958,0.0404521,0.0952758,21.195,0.358999,0.0901035,0
63,7,7,0.275913,0.158189,0.0403961,0.0952758,21.195,0.352921,0.087573,0
64,7,7,0.276351,0.158396,0.0403631,0.0952758,21.195,0.348719,0.087208,0
65,7,7,0.276648,0.158581,0.0403481,0.0952758,21.195,0.345748,0.0853638,0
66,7,7,0.276852,0.158743,0.040346,0.0952758,21.195,0.343601,0.0869872,0
67,7,7,0.276989,0.158885,0.0403523,0.0952758,21.195,0.341997,0.0880154,0
68,7,7,0.277079,0.159008,0.0403641,0.0952758,21.195,0.340779,0.0889362,0
69,7,7,0.277132,0.159114,0.0403792,0.0952758,21.195,0.339802,0.0919406,0
70,7,7,0.275568,0.158908,0.0398027,0.0907005,21.195,0.339461,0.0915809,0
71,8,8,0.276738,0.159247,0.039582,0.0907005,21.195,0.325963,0.0913478,0
72,8,8,0.277196,0.159448,0.0394892,0.0907005,21.195,0.3192,0.0887881,0
73,8,8,0.27749,0.15964,0.0394475,0.0907005,21.195,0.314712,0.0863696,0
74,8,8,0.277678,0.159812,0.0394327,0.0907005,21.195,0.311631,0.0950684,0
75,8,8,0.277799,0.15996,0.0394335,0.0907005,21.195,0.309453,0.0914452,0
76,8,8,0.277875,0.160088,0.0394437,0.0907005,21.195,0.307849,0.108344,0
77,8,8,0.27792,0.160197,0.0394591,0.0907005,21.195,0.306631,0.125311,0
78,8,8,0.27794,0.160289,0.0394769,0.0907005,21.195,0.305647,0.121869,0
79,8,8,0.277945,0.160368,0.0394953,0.0907005,21.195,0.304832,0.117121,0
80,8,8,0.277466,0.1604,0.0390867,0.0893194,21.195,0.304681,0.116961,0
81,9,9,0.278032,0.160595,0.0387206,0.0893194,21.195,0.293359,0.113716,0
82,9,9,0.278275,0.160766,0.0386358,0.0893194,21.195,0.288345,0.107117,0
83,9,9,0.278422,0.160934,0.0386045,0.0893194,21.195,0.285024,0.107215,0
84,9,9,0.278506,0.161077,0.0385958,0.0893194,21.195,0.282734,0.101268,0
85,9,9,0.278549,0.161198,0.0385982,0.0893194,21.195,0.281069,0.0988302,0
86,9,9,0.278565,0.161297,0.0386062,0.0893194,21.195,0.279823,0.095287,0
87,9,9,0.278563,0.161379,0.0386168,0.0893194,21.195,0.278835,0.0915215,0
88,9,9,0.278547,0.161446,0.0386279,0.0893194,21.195,0.278014,0.0870227,0
89,9,9,0.278524,0.161501,0.0386386,0.0893194,21.195,0.277301,0.0905303,0
90,9,9,0.278364,0.161545,0.0383643,0.0887524,21.195,0.277214,0.0904347,0
91,10,10,0.27865,0.161643,0.037941,0.0887524,21.195,0.267894,0.0855668,0
92,10,10,0.27879,0.16177,0.0378697,0.0887524,21.195,0.264119,0.0895381,0
93,10,10,0.278864,0.161896,0.0378422,0.0887524,21.195,0.261577,0.0853383,0
94,10,10,0.278895,0.162002,0.0378318,0.0887524,21.195,0.259801,0.088385,0
95,10,10,0.278898,0.162086,0.03783,0.0887524,21.195,0.258499,0.0863928,0
96,10,10,0.278883,0.162154,0.0378325,0.0887524,21.195,0.257487,0.0940283,0
97,10,10,0.278857,0.162208,0.0378366,0.0887524,21.195,0.25666,0.0905075,0
98,10,10,0.278826,0.162253,0.0378409,0.0887524,21.195,0.255965,0.0903623,0
99,10,10,0.27879,0.162289,0.0378448,0.0887524,21.195,0.25536,0.0959808,0
100,10,10,0.278718,0.162347,0.037678,0.0883875,21.195,0.255297,0.0959098,0
101,11,11,0.278854,0.162366,0.0372479,0.0883875,21.195,0.247535,0.0866047,0
102,11,11,0.278943,0.162448,0.0371895,0.0883875,21.195,0.244539,0.0904153,0
103,11,11,0.278979,0.162536,0.0371637,0.0883875,21.195,0.242531,0.0852937,0
104,11,11,0.278982,0.162608,0.0371514,0.0883875,21.195,0.241136,0.0895552,0
105,11,11,0.278965,0.162664,0.0371453,0.0883875,21.195,0.240095,0.10337,0
106,11,11,0.278935,0.162707,0.0371421,0.0883875,21.195,0.239285,0.0945529,0
107,11,11,0.278898,0.162739,0.0371384,0.0883875,21.195,0.238659,0.105096,0
108,11,11,0.27885,0.162757,0.0371397,0.0883875,21.195,0.238237,0.133297,0
109,11,11,0.278809,0.162771,0.0371393,0.0883875,21.195,0.237731,0.165905,0
110,11,11,0.27877,0.162867,0.0370427,0.0880749,21.195,0.237682,0.165848,0
111,12,12,0.278835,0.162833,0.0366225,0.0880749,21.195,0.231306,0.156944,0
112,12,12,0.278888,0.162876,0.0365716,0.0880749,21.195,0.229001,0.136955,0
113,12,12,0.2789,0.162935,0.0365488,0.0880749,21.195,0.227446,0.124447,0
114,12,12,0.278887,0.16298,0.0365358,0.0880749,21.195,0.226327,0.119821,0
115,12,12,0.278859,0.163015,0.0365274,0.0880749,21.195,0.225485,0.11335,0
116,12,12,0.278823,0.163041,0.0365209,0.0880749,21.195,0.22481,0.113105,0
117,12,12,0.278784,0.163062,0.0365154,0.0880749,21.195,0.224229,0.119635,0
118,12,12,0.278744,0.163078,0.0365098,0.0880749,21.195,0.223731,0.131942,0
119,12,12,0.278706,0.163091,0.0365046,0.0880749,21.195,0.223284,0.123823,0
120,12,12,0.278657,0.163198,0.0364389,0.087748,21.195,0.22324,0.123772,0
121,13,13,0.278662,0.163126,0.0360359,0.087748,21.195,0.217874,0.119097,0
122,13,13,0.278692,0.163142,0.0359904,0.087748,21.195,0.216147,0.107741,0
123,13,13,0.278691,0.163176,0.0359677,0.087748,21.195,0.21497,0.107077,0
124,13,13,0.278672,0.163201,0.0359532,0.087748,21.195,0.214211,0.120476,0
125,13,13,0.278642,0.163218,0.0359434,0.087748,21.195,0.213707,0.122421,0
126,13,13,0.278608,0.16323,0.0359352,0.087748,21.195,0.214002,0.117224,0
127,13,13,0.278571,0.163239,0.0359289,0.087748,21.195,0.212243,0.111409,0
128,13,13,0.278535,0.163244,0.0359222,0.087748,21.195,0.211885,0.103175,0
129,13,13,0.278501,0.163248,0.0359157,0.087748,21.195,0.211484,0.114717,0
130,13,13,0.27845,0.163375,0.0358696,0.0874688,21.195,0.211445,0.114672,0
131,14,14,0.278424,0.163272,0.0354753,0.0874688,21.195,0.207303,0.124356,0
132,14,14,0.278436,0.163264,0.0354363,0.0874688,21.195,0.206837,0.117257,0
133,14,14,0.278427,0.163278,0.0354159,0.0874688,21.195,0.204793,0.135747,0
134,14,14,0.278404,0.163286,0.0354022,0.0874688,21.195,0.204564,0.173274,0
135,14,14,0.278374,0.163292,0.0353922,0.0874688,21.195,0.204764,0.18328,0
136,14,14,0.278338,0.163293,0.0353816,0.0874688,21.195,0.205945,0.153285,0
137,14,14,0.278302,0.163293,0.0353747,0.0874688,21.195,0.204213,0.131521,0
138,14,14,0.278269,0.163294,0.0353679,0.0874688,21.195,0.202477,0.118883,0
139,14,14,0.278239,0.163296,0.0353616,0.0874688,21.195,0.20171,0.108702,0
140,14,14,0.278204,0.163456,0.0353408,0.0872399,21.195,0.201677,0.108664,0
141,15,15,0.278154,0.163336,0.0349621,0.0872399,21.195,0.198265,0.0991419,0
142,15,15,0.278152,0.163314,0.0349271,0.0872399,21.195,0.196213,0.0935512,0
143,15,15,0.278138,0.163314,0.0349084,0.0872399,21.195,0.195839,0.106429,0
144,15,15,0.278114,0.163314,0.0348946,0.0872399,21.195,0.194553,0.0996505,0
145,15,15,0.278086,0.163312,0.034884,0.0872399,21.195,0.194423,0.115172,0
146,15,15,0.278054,0.16331,0.0348751,0.0872399,21.195,0.193516,0.113757,0
147,15,15,0.278024,0.163308,0.0348673,0.0872399,21.195,0.193463,0.108881,0
148,15,15,0.277995,0.163307,0.0348603,0.0872399,21.195,0.19274,0.100873,0
149,15,15,0.277968,0.163306,0.0348541,0.0872399,21.195,0.192727,0.0943398,0
150,15,15,0.277943,0.163485,0.0348553,0.0870694,21.195,0.1927,0.0943089,0
151,16,16,0.277867,0.16336,0.0344984,0.0870694,21.195,0.188881,0.0880011,0
152,16,16,0.277858,0.163331,0.0344668,0.0870694,21.195,0.187907,0.0836771,0
153,16,16,0.277841,0.163326,0.0344494,0.0870694,21.195,0.187118,0.0926856,0
154,16,16,0.277818,0.16332,0.0344366,0.0870694,21.195,0.186487,0.103758,0
155,16,16,0.277791,0.163315,0.0344267,0.0870694,21.195,0.186001,0.0998013,0
156,16,16,0.277763,0.16331,0.0344173,0.0870694,21.195,0.185612,0.0936923,0
157,16,16,0.277735,0.163307,0.0344099,0.0870694,21.195,0.18526,0.0868677,0
158,16,16,0.277709,0.163304,0.0344036,0.0870694,21.195,0.184933,0.0836608,0
159,16,16,0.277686,0.163303,0.0343982,0.0870694,21.195,0.184643,0.184014,0
160,16,16,0.277672,0.163487,0.0344149,0.0869494,21.195,0.184621,0.183988,0
161,17,17,0.277589,0.163364,0.0340785,0.0869494,21.195,0.181261,0.324719,0
162,17,17,0.27757,0.163332,0.034053,0.0869494,21.195,0.180392,0.337992,0
163,17,17,0.277548,0.163324,0.0340377,0.0869494,21.195,0.179745,0.276847,0
164,17,17,0.277524,0.163316,0.034026,0.0869494,21.195,0.17926,0.214799,0
165,17,17,0.277498,0.163309,0.0340166,0.0869494,21.195,0.178835,0.162107,0
166,17,17,0.277472,0.163304,0.0340088,0.0869494,21.195,0.178469,0.126418,0
167,17,17,0.277447,0.1633,0.034002,0.0869494,21.195,0.17814,0.104301,0
168,17,17,0.277424,0.163296,0.033996,0.0869494,21.195,0.177869,0.0921202,0
169,17,17,0.277403,0.163294,0.0339907,0.0869494,21.195,0.177609,0.0823547,0
170,17,17,0.277405,0.163475,0.0340208,0.0868747,21.195,0.17759,0.0823338,0
171,18,18,0.27731,0.163357,0.0337097,0.0868747,21.195,0.174644,0.0752612,0
172,18,18,0.277286,0.163326,0.0336893,0.0868747,21.195,0.173811,0.0706052,0
173,18,18,0.277264,0.163317,0.0336761,0.0868747,21.195,0.173286,0.0693523,0
174,18,18,0.277241,0.163308,0.0336654,0.0868747,21.195,0.17282,0.0686869,0
175,18,18,0.277217,0.163301,0.0336566,0.0868747,21.195,0.172449,0.0703681,0
176,18,18,0.277194,0.163295,0.033649,0.0868747,21.195,0.172121,0.0722424,0
177,18,18,0.277171,0.16329,0.0336424,0.0868747,21.195,0.171845,0.0745649,0
178,18,18,0.277151,0.163286,0.0336366,0.0868747,21.195,0.171596,0.0772037,0
179,18,18,0.277133,0.163284,0.0336315,0.0868747,21.195,0.171379,0.0768751,0
180,18,18,0.277143,0.163459,0.033667,0.0868256,21.195,0.171363,0.0768575,0
181,19,19,0.277042,0.163348,0.0333794,0.0868256,21.195,0.16869,0.0741374,0
182,19,19,0.277014,0.163321,0.0333631,0.0868256,21.195,0.167987,0.0718923,0
183,19,19,0.276993,0.163313,0.0333521,0.0868256,21.195,0.167505,0.0704929,0
184,19,19,0.276971,0.163306,0.0333429,0.0868256,21.195,0.167087,0.0692764,0
185,19,19,0.276949,0.163299,0.033335,0.0868256,21.195,0.166767,0.0686808,0
186,19,19,0.276928,0.163293,0.0333282,0.0868256,21.195,0.166483,0.068177,0
187,19,19,0.276908,0.163288,0.0333221,0.0868256,21.195,0.166247,0.0673524,0
188,19,19,0.27689,0.163285,0.0333168,0.0868256,21.195,0.166039,0.0720112,0
189,19,19,0.276874,0.163282,0.033312,0.0868256,21.195,0.165852,0.0773233,0
190,19,19,0.276894,0.163447,0.0333541,0.0868093,21.195,0.16584,0.07731,0
191,20,20,0.27679,0.163347,0.0330894,0.0868093,21.195,0.16341,0.0757284,0
192,20,20,0.276761,0.163325,0.033078,0.0868093,21.195,0.16275,0.0711137,0
193,20,20,0.276741,0.16332,0.0330699,0.0868093,21.195,0.16227,0.0681852,0
194,20,20,0.276722,0.163314,0.0330628,0.0868093,21.195,0.161908,0.0671695,0
195,20,20,0.276704,0.163308,0.0330564,0.0868093,21.195,0.161627,0.0669788,0
196,20,20,0.276685,0.163303,0.0330507,0.0868093,21.195,0.161404,0.0674985,0
197,20,20,0.276668,0.163299,0.0330456,0.0868093,21.195,0.161202,0.0693637,0
198,20,20,0.276653,0.163296,0.033041,0.0868093,21.195,0.161023,0.0709307,0
199,20,20,0.276639,0.163293,0.033037,0.0868093,21.195,0.16085,0.0786612,0
200,20,20,0.276661,0.163448,0.0330839,0.0868188,21.195,0.16084,0.0786507,0
201,21,21,0.276559,0.163357,0.0328428,0.0868188,21.195,0.158515,0.0847478,0
202,21,21,0.276529,0.163341,0.0328359,0.0868188,21.195,0.157961,0.081387,0
203,21,21,0.276509,0.163338,0.0328295,0.0868188,21.195,0.157533,0.0755614,0
204,21,21,0.276492,0.163333,0.0328233,0.0868188,21.195,0.157221,0.0722526,0
205,21,21,0.276475,0.163327,0.0328176,0.0868188,21.195,0.156971,0.0728979,0
206,21,21,0.276459,0.163322,0.0328126,0.0868188,21.195,0.156756,0.0724062,0
207,21,21,0.276444,0.163319,0.032808,0.0868188,21.195,0.156572,0.070237,0
208,21,21,0.27643,0.163316,0.0328038,0.0868188,21.195,0.156401,0.0672202,0
209,21,21,0.276419,0.163313,0.0328001,0.0868188,21.195,0.156253,0.0661488,0
210,21,21,0.276445,0.163458,0.032851,0.0868484,21.195,0.156244,0.0661409,0
211,22,22,0.276346,0.163375,0.032631,0.0868484,21.195,0.154049,0.0647533,0
212,22,22,0.276318,0.163364,0.0326277,0.0868484,21.195,0.15358,0.0639029,0
213,22,22,0.276298,0.163363,0.0326232,0.0868484,21.195,0.153235,0.0626418,0
214,22,22,0.276282,0.163359,0.0326179,0.0868484,21.195,0.152968,0.0619626,0
215,22,22,0.276266,0.163354,0.032613,0.0868484,21.195,0.152757,0.0612757,0
216,22,22,0.276252,0.16335,0.0326085,0.0868484,21.195,0.15258,0.0609165,0
217,22,22,0.276238,0.163347,0.0326043,0.0868484,21.195,0.152423,0.0608574,0
218,22,22,0.276226,0.163344,0.0326006,0.0868484,21.195,0.152283,0.0614394,0
219,22,22,0.276216,0.163342,0.0325971,0.0868484,21.195,0.152151,0.0624742,0
220,22,22,0.276244,0.163475,0.0326509,0.0868927,21.195,0.152144,0.0624684,0
221,23,23,0.276152,0.1634,0.0324504,0.0868927,21.195,0.150174,0.0611987,0
222,23,23,0.276122,0.163394,0.0324501,0.0868927,21.195,0.149764,0.0607198,0
223,23,23,0.276104,0.163395,0.0324469,0.0868927,21.195,0.149468,0.0605505,0
224,23,23,0.276088,0.163393,0.0324426,0.0868927,21.195,0.149245,0.0603968,0
225,23,23,0.276074,0.163389,0.0324382,0.0868927,21.195,0.149066,0.0600319,0
226,23,23,0.276061,0.163386,0.0324341,0.0868927,21.195,0.148912,0.060321,0
227,23,23,0.276049,0.163383,0.0324301,0.0868927,21.195,0.148781,0.064427,0
228,23,23,0.276038,0.163381,0.0324265,0.0868927,21.195,0.148662,0.0698233,0
229,23,23,0.276029,0.163379,0.0324231,0.0868927,21.195,0.148557,0.0750414,0
230,23,23,0.276065,0.1635,0.0324798,0.0869499,21.195,0.148552,0.0750378,0
231,24,24,0.275979,0.163433,0.0322971,0.0869499,21.195,0.146793,0.0779344,0
232,24,24,0.27595,0.163433,0.0322987,0.0869499,21.195,0.146426,0.0741775,0
233,24,24,0.275932,0.163436,0.0322962,0.0869499,21.195,0.146173,0.0702682,0
234,24,24,0.275918,0.163435,0.0322921,0.0869499,21.195,0.145989,0.0665157,0
235,24,24,0.275905,0.163432,0.0322881,0.0869499,21.195,0.145841,0.0642059,0
236,24,24,0.275894,0.16343,0.0322841,0.0869499,21.195,0.145713,0.0622783,0
237,24,24,0.275883,0.163428,0.0322804,0.0869499,21.195,0.145603,0.0617849,0
238,24,24,0.275874,0.163426,0.0322768,0.0869499,21.195,0.145502,0.0626922,0
239,24,24,0.275866,0.163424,0.0322735,0.0869499,21.195,0.145414,0.0648046,0
240,24,24,0.275909,0.163531,0.0323341,0.0870182,21.195,0.145411,0.0648027,0
241,25,25,0.275833,0.163472,0.0321682,0.0870182,21.195,0.143849,0.0630552,0
242,25,25,0.275803,0.163476,0.0321712,0.0870182,21.195,0.143559,0.0618753,0
243,25,25,0.275787,0.163482,0.0321691,0.0870182,21.195,0.143359,0.0610453,0
244,25,25,0.275775,0.163482,0.0321655,0.0870182,21.195,0.143204,0.0600172,0
245,25,25,0.275764,0.163481,0.0321614,0.0870182,21.195,0.143079,0.0601475,0
246,25,25,0.275754,0.163479,0.0321575,0.0870182,21.195,0.142975,0.0637449,0
247,25,25,0.275746,0.163478,0.0321535,0.0870182,21.195,0.142887,0.062211,0
248,25,25,0.275738,0.163476,0.0321499,0.0870182,21.195,0.142804,0.0610676,0
249,25,25,0.275731,0.163475,0.0321463,0.0870182,21.195,0.142727,0.0602482,0
250,25,25,0.275778,0.163568,0.0322107,0.0870961,21.195,0.142726,0.0602482,0
251,26,26,0.275708,0.163515,0.0320603,0.0870961,21.195,0.141374,0.0596299,0
252,26,26,0.275682,0.163526,0.0320638,0.0870961,21.195,0.141139,0.058396,0
253,26,26,0.275667,0.163534,0.0320621,0.0870961,21.195,0.14097,0.0620127,0
254,26,26,0.275656,0.163536,0.0320584,0.0870961,21.195,0.140852,0.0687309,0
255,26,26,0.275647,0.163536,0.0320547,0.0870961,21.195,0.140753,0.0683489,0
256,26,26,0.275638,0.163535,0.0320506,0.0870961,21.195,0.140672,0.0658377,0
257,26,26,0.275631,0.163534,0.0320469,0.0870961,21.195,0.1406,0.0631837,0
258,26,26,0.275625,0.163533,0.0320432,0.0870961,21.195,0.140537,0.0610439,0
259,26,26,0.275619,0.163533,0.0320399,0.0870961,21.195,0.140478,0.0613427,0
260,26,26,0.275673,0.163612,0.0321084,0.0871812,21.195,0.140477,0.0613442,0
261,27,27,0.275612,0.163564,0.0319724,0.0871812,21.195,0.139322,0.0595049,0
262,27,27,0.275586,0.16358,0.0319768,0.0871812,21.195,0.139163,0.0584374,0
263,27,27,0.275573,0.16359,0.0319749,0.0871812,21.195,0.139038,0.0599626,0
264,27,27,0.275563,0.163593,0.0319714,0.0871812,21.195,0.138943,0.0615263,0
265,27,27,0.275556,0.163594,0.0319672,0.0871812,21.195,0.138876,0.0607382,0
266,27,27,0.275549,0.163594,0.0319633,0.0871812,21.195,0.138814,0.0596269,0
267,27,27,0.275543,0.163594,0.0319592,0.0871812,21.195,0.138765,0.058305,0
268,27,27,0.275538,0.163593,0.0319555,0.0871812,21.195,0.138716,0.0594372,0
269,27,27,0.275534,0.163593,0.0319515,0.0871812,21.195,0.138678,0.0619829,0
270,27,27,0.27559,0.163659,0.0320236,0.087277,21.195,0.138679,0.0619858,0
271,28,28,0.27554,0.163614,0.031901,0.087277,21.195,0.137718,0.0599998,0
272,28,28,0.275516,0.163634,0.0319051,0.087277,21.195,0.137602,0.0589322,0
273,28,28,0.275504,0.163646,0.0319036,0.087277,21.195,0.137502,0.0574106,0
274,28,28,0.275496,0.16365,0.0319002,0.087277,21.195,0.137435,0.0565315,0
275,28,28,0.27549,0.163652,0.0318965,0.087277,21.195,0.13738,0.0562163,0
276,28,28,0.275485,0.163653,0.0318926,0.087277,21.195,0.137336,0.0562391,0
277,28,28,0.275481,0.163653,0.031889,0.087277,21.195,0.137296,0.056977,0
278,28,28,0.275477,0.163653,0.0318853,0.087277,21.195,0.137261,0.0578323,0
279,28,28,0.275474,0.163653,0.0318821,0.087277,21.195,0.137227,0.057573,0
280,28,28,0.275528,0.163707,0.0319559,0.08737,21.195,0.137228,0.0575762,0
281,29,29,0.275486,0.163664,0.0318475,0.08737,21.195,0.136418,0.057823,0
282,29,29,0.275464,0.163689,0.0318527,0.08737,21.195,0.136352,0.0605105,0
283,29,29,0.275454,0.163702,0.0318516,0.08737,21.195,0.136291,0.0602443,0
284,29,29,0.275447,0.163707,0.0318485,0.08737,21.195,0.136246,0.0595336,0
285,29,29,0.275443,0.163709,0.0318451,0.08737,21.195,0.136214,0.0599414,0
286,29,29,0.275439,0.163711,0.0318415,0.08737,21.195,0.136183,0.0594396,0
287,29,29,0.275435,0.163712,0.0318382,0.08737,21.195,0.136161,0.0582145,0
288,29,29,0.275433,0.163712,0.0318348,0.08737,21.195,0.136138,0.0571393,0
289,29,29,0.275431,0.163712,0.0318317,0.08737,21.195,0.136121,0.0564781,0
290,29,29,0.275483,0.163755,0.0319046,0.0874631,21.195,0.136123,0.0564819,0
291,30,30,0.27545,0.163713,0.0318086,0.0874631,21.195,0.135459,0.0554231,0
292,30,30,0.275432,0.16374,0.0318146,0.0874631,21.195,0.135438,0.0550688,0
293,30,30,0.275422,0.163754,0.0318138,0.0874631,21.195,0.135401,0.0548013,0
294,30,30,0.275416,0.16376,0.0318112,0.0874631,21.195,0.135378,0.055,0
295,30,30,0.275412,0.163762,0.031808,0.0874631,21.195,0.135358,0.0547695,0
296,30,30,0.27541,0.163764,0.0318048,0.0874631,21.195,0.135344,0.055236,0
297,30,30,0.275407,0.163765,0.0318016,0.0874631,21.195,0.135331,0.0567422,0
298,30,30,0.275406,0.163766,0.0317986,0.0874631,21.195,0.135322,0.0572088,0
299,30,30,0.275404,0.163766,0.0317956,0.0874631,21.195,0.135314,0.0564843,0
300,30,30,0.275457,0.1638,0.0318665,0.0875593,21.195,0.135316,0.0564888,0
301,31,31,0.275437,0.163756,0.0317822,0.0875593,21.195,0.134783,0.0554986,0
302,31,31,0.275419,0.163785,0.0317887,0.0875593,21.195,0.134797,0.0550753,0
303,31,31,0.27541,0.163799,0.0317889,0.0875593,21.195,0.134789,0.0554584,0
304,31,31,0.275405,0.163805,0.0317872,0.0875593,21.195,0.13478,0.0557393,0
305,31,31,0.275402,0.163809,0.0317852,0.0875593,21.195,0.134776,0.0555202,0
306,31,31,0.275401,0.163811,0.0317832,0.0875593,21.195,0.134765,0.0549979,0
307,31,31,0.275399,0.163812,0.0317814,0.0875593,21.195,0.134761,0.0546735,0
308,31,31,0.275399,0.163813,0.0317797,0.0875593,21.195,0.134749,0.0545701,0
309,31,31,0.275398,0.163813,0.0317781,0.0875593,21.195,0.134746,0.0546082,0
310,31,31,0.275439,0.163838,0.0318434,0.0876312,21.195,0.134748,0.0546111,0
311,32,32,0.275428,0.163792,0.0317727,0.0876312,21.195,0.134302,0.0539979,0
312,32,32,0.275411,0.163822,0.0317821,0.0876312,21.195,0.134339,0.0539461,0
313,32,32,0.275403,0.163837,0.0317847,0.0876312,21.195,0.134339,0.0540108,0
314,32,32,0.275398,0.163843,0.0317852,0.0876312,21.195,0.134339,0.0540293,0
315,32,32,0.275395,0.163847,0.031785,0.0876312,21.195,0.134335,0.0540042,0
316,32,32,0.275394,0.163849,0.0317845,0.0876312,21.195,0.134332,0.0540262,0
317,32,32,0.275392,0.16385,0.0317839,0.0876312,21.195,0.134326,0.0541448,0
318,32,32,0.275392,0.163851,0.0317834,0.0876312,21.195,0.134324,0.0543298,0
319,32,32,0.275391,0.163852,0.0317828,0.0876312,21.195,0.134318,0.0544038,0
320,32,32,0.275418,0.163868,0.0318394,0.0876727,21.195,0.134318,0.0544045,0
321,33,33,0.275413,0.163818,0.0317811,0.0876727,21.195,0.133942,0.0544764,0
322,33,33,0.275399,0.163849,0.0317929,0.0876727,21.195,0.133977,0.055106,0
323,33,33,0.275391,0.163863,0.0317976,0.0876727,21.195,0.133987,0.0550389,0
324,33,33,0.275386,0.163869,0.0317999,0.0876727,21.195,0.133988,0.0546062,0
325,33,33,0.275384,0.163872,0.0318012,0.0876727,21.195,0.133991,0.0542707,0
326,33,33,0.275382,0.163873,0.031802,0.0876727,21.195,0.13399,0.0540442,0
327,33,33,0.27538,0.163874,0.0318026,0.0876727,21.195,0.133991,0.0550157,0
328,33,33,0.275379,0.163875,0.031803,0.0876727,21.195,0.133988,0.0557686,0
329,33,33,0.275378,0.163875,0.0318033,0.0876727,21.195,0.133988,0.0552246,0
330,33,33,0.2754,0.163884,0.0318523,0.087699,21.195,0.133988,0.0552243,0
331,34,34,0.275405,0.16383,0.0318045,0.087699,21.195,0.133655,0.0550561,0
332,34,34,0.27539,0.163859,0.0318177,0.087699,21.195,0.133707,0.0552,0
333,34,34,0.275383,0.163872,0.0318238,0.087699,21.195,0.133723,0.0548248,0
334,34,34,0.275378,0.163877,0.0318273,0.087699,21.195,0.133729,0.0545552,0
335,34,34,0.275375,0.16388,0.0318297,0.087699,21.195,0.133733,0.0542331,0
336,34,34,0.275373,0.163881,0.0318314,0.087699,21.195,0.133734,0.0544162,0
337,34,34,0.275372,0.163882,0.0318327,0.087699,21.195,0.133736,0.0546613,0
338,34,34,0.27537,0.163882,0.0318338,0.087699,21.195,0.133736,0.054998,0
339,34,34,0.27537,0.163882,0.0318346,0.087699,21.195,0.133738,0.0547575,0
340,34,34,0.275389,0.163886,0.031878,0.0877214,21.195,0.133738,0.0547571,0
341,35,35,0.275405,0.163824,0.0318389,0.0877214,21.195,0.133439,0.0544173,0
342,35,35,0.275391,0.163852,0.0318523,0.0877214,21.195,0.133499,0.0542236,0
343,35,35,0.275382,0.163863,0.031859,0.0877214,21.195,0.133522,0.054168,0
344,35,35,0.275377,0.163868,0.0318631,0.0877214,21.195,0.133537,0.0541975,0
345,35,35,0.275374,0.16387,0.031866,0.0877214,21.195,0.133544,0.0542231,0
346,35,35,0.275372,0.16387,0.0318683,0.0877214,21.195,0.133554,0.0540124,0
347,35,35,0.27537,0.163871,0.0318701,0.0877214,21.195,0.133558,0.054212,0
348,35,35,0.275369,0.163871,0.0318716,0.0877214,21.195,0.133566,0.0544638,0
349,35,35,0.275368,0.163871,0.031873,0.0877214,21.195,0.133568,0.0543599,0
350,35,35,0.275388,0.163872,0.031912,0.0877462,21.195,0.133568,0.05436,0
351,36,36,0.27541,0.163802,0.0318804,0.0877462,21.195,0.133316,0.0543656,0
352,36,36,0.275397,0.163828,0.0318934,0.0877462,21.195,0.133387,0.054254,0
353,36,36,0.27539,0.163838,0.0319001,0.0877462,21.195,0.133416,0.0537229,0
354,36,36,0.275385,0.163841,0.0319043,0.0877462,21.195,0.133434,0.0538489,0
355,36,36,0.275383,0.163843,0.0319074,0.0877462,21.195,0.133448,0.0538333,0
356,36,36,0.275381,0.163843,0.0319099,0.0877462,21.195,0.13346,0.0536875,0
357,36,36,0.27538,0.163843,0.0319119,0.0877462,21.195,0.133469,0.0535345,0
358,36,36,0.275379,0.163843,0.0319136,0.0877462,21.195,0.13348,0.0533801,0
359,36,36,0.275378,0.163842,0.031915,0.0877462,21.195,0.133488,0.0534789,0
360,36,36,0.2754,0.163842,0.0319512,0.0877761,21.195,0.133488,0.0534799,0
361,37,37,0.275428,0.163764,0.031926,0.0877761,21.195,0.133277,0.0532776,0
362,37,37,0.275416,0.163787,0.0319382,0.0877761,21.195,0.13336,0.0532163,0
363,37,37,0.275409,0.163796,0.0319445,0.0877761,21.195,0.133396,0.0531593,0
364,37,37,0.275406,0.163798,0.0319485,0.0877761,21.195,0.133419,0.0533679,0
365,37,37,0.275404,0.163799,0.0319516,0.0877761,21.195,0.133439,0.0571548,0
366,37,37,0.275402,0.163799,0.031954,0.0877761,21.195,0.133456,0.0629475,0
367,37,37,0.275401,0.163798,0.031956,0.0877761,21.195,0.133471,0.0631544,0
368,37,37,0.275401,0.163798,0.0319578,0.0877761,21.195,0.133485,0.0608939,0
369,37,37,0.2754,0.163797,0.0319593,0.0877761,21.195,0.133499,0.0581544,0
370,37,37,0.275423,0.163796,0.0319939,0.087811,21.195,0.133499,0.0581563,0
371,38,38,0.275456,0.16371,0.0319745,0.087811,21.195,0.133333,0.0563161,0
372,38,38,0.275445,0.163732,0.0319855,0.087811,21.195,0.133431,0.0553732,0
373,38,38,0.27544,0.163739,0.0319911,0.087811,21.195,0.133475,0.054909,0
374,38,38,0.275437,0.163741,0.0319947,0.087811,21.195,0.133506,0.0542614,0
375,38,38,0.275435,0.163741,0.0319975,0.087811,21.195,0.13353,0.0540635,0
376,38,38,0.275434,0.163741,0.0319997,0.087811,21.195,0.133551,0.0541393,0
377,38,38,0.275434,0.16374,0.0320017,0.087811,21.195,0.133569,0.053942,0
378,38,38,0.275434,0.16374,0.0320034,0.087811,21.195,0.133587,0.0542095,0
379,38,38,0.275434,0.163739,0.0320049,0.087811,21.195,0.133603,0.0539694,0
380,38,38,0.275457,0.163737,0.0320388,0.087849,21.195,0.133604,0.053972,0
381,39,39,0.275494,0.163644,0.0320243,0.087849,21.195,0.133481,0.0536781,0
382,39,39,0.275484,0.163664,0.0320344,0.087849,21.195,0.133584,0.0534851,0
383,39,39,0.275479,0.16367,0.0320395,0.087849,21.195,0.133637,0.0542482,0
384,39,39,0.275477,0.163672,0.0320428,0.087849,21.195,0.133675,0.0548755,0
385,39,39,0.275476,0.163672,0.0320454,0.087849,21.195,0.133705,0.0545061,0
386,39,39,0.275476,0.163672,0.0320476,0.087849,21.195,0.133731,0.054171,0
387,39,39,0.275476,0.163672,0.0320494,0.087849,21.195,0.133755,0.0541155,0
388,39,39,0.275477,0.163671,0.0320511,0.087849,21.195,0.133777,0.0536604,0
389,39,39,0.275477,0.163671,0.0320526,0.087849,21.195,0.133798,0.0535095,0
390,39,39,0.275499,0.163668,0.0320861,0.0878858,21.195,0.133799,0.0535122,0
391,40,40,0.27554,0.163569,0.0320768,0.0878858,21.195,0.133719,0.0535138,0
392,40,40,0.275531,0.163588,0.0320861,0.0878858,21.195,0.133837,0.0536718,0
393,40,40,0.275527,0.163594,0.0320907,0.0878858,21.195,0.133901,0.0536101,0
394,40,40,0.275525,0.163596,0.0320937,0.0878858,21.195,0.133944,0.0534548,0
395,40,40,0.275524,0.163596,0.032096,0.0878858,21.195,0.133978,0.0533993,0
396,40,40,0.275525,0.163596,0.032098,0.0878858,21.195,0.134009,0.0535552,0
397,40,40,0.275525,0.163596,0.0320998,0.0878858,21.195,0.134034,0.0534572,0
398,40,40,0.275526,0.163597,0.0321013,0.0878858,21.195,0.134057,0.0534286,0
399,40,40,0.275527,0.163597,0.0321028,0.0878858,21.195,0.13408,0.0534732,0
400,40,40,0.275546,0.163592,0.032136,0.0879189,21.195,0.134081,0.0534757,0
401,41,41,0.275592,0.163487,0.0321319,0.0879189,21.195,0.134043,0.0533851,0
402,41,41,0.275585,0.163507,0.0321402,0.0879189,21.195,0.134196,0.0532186,0
403,41,41,0.27558,0.163513,0.0321444,0.0879189,21.195,0.134259,0.0531912,0
404,41,41,0.275578,0.163515,0.0321472,0.0879189,21.195,0.134302,0.053114,0
405,41,41,0.275578,0.163516,0.0321493,0.0879189,21.195,0.134337,0.0530575,0
406,41,41,0.275578,0.163517,0.0321512,0.0879189,21.195,0.134367,0.053015,0
407,41,41,0.275579,0.163517,0.0321528,0.0879189,21.195,0.134392,0.0530121,0
408,41,41,0.27558,0.163518,0.0321542,0.0879189,21.195,0.134416,0.0531257,0
409,41,41,0.275581,0.163518,0.0321556,0.0879189,21.195,0.134437,0.0532724,0
410,41,41,0.275597,0.163511,0.0321885,0.0879463,21.195,0.134438,0.0532747,0
411,42,42,0.275645,0.163402,0.0321895,0.0879463,21.195,0.134443,0.0531866,0
412,42,42,0.275637,0.163421,0.0321981,0.0879463,21.195,0.134566,0.053287,0
413,42,42,0.275633,0.163427,0.0322023,0.0879463,21.195,0.134629,0.0531493,0
414,42,42,0.275631,0.163429,0.0322051,0.0879463,21.195,0.134673,0.0530826,0
415,42,42,0.275631,0.163431,0.0322073,0.0879463,21.195,0.13471,0.0532232,0
416,42,42,0.275632,0.163432,0.0322093,0.0879463,21.195,0.134736,0.0532804,0
417,42,42,0.275633,0.163433,0.0322111,0.0879463,21.195,0.134762,0.0537127,0
418,42,42,0.275634,0.163434,0.0322127,0.0879463,21.195,0.134782,0.0539889,0
419,42,42,0.275635,0.163435,0.0322143,0.0879463,21.195,0.134804,0.0536808,0
420,42,42,0.275646,0.163424,0.032244,0.0879702,21.195,0.134805,0.0536827,0
421,43,43,0.275695,0.16331,0.0322508,0.0879702,21.195,0.134807,0.0535552,0
422,43,43,0.275688,0.163328,0.0322591,0.0879702,21.195,0.134922,0.053608,0
423,43,43,0.275685,0.163335,0.0322628,0.0879702,21.195,0.134981,0.0533685,0
424,43,43,0.275684,0.163337,0.0322651,0.0879702,21.195,0.135022,0.0534895,0
425,43,43,0.275684,0.163339,0.0322669,0.0879702,21.195,0.135052,0.0534776,0
426,43,43,0.275685,0.16334,0.0322683,0.0879702,21.195,0.135076,0.0534079,0
427,43,43,0.275687,0.163341,0.0322695,0.0879702,21.195,0.135096,0.0532678,0
428,43,43,0.275688,0.163342,0.0322706,0.0879702,21.195,0.135114,0.0531754,0
429,43,43,0.27569,0.163343,0.0322716,0.0879702,21.195,0.135132,0.0533864,0
430,43,43,0.275697,0.163329,0.0323006,0.0879844,21.195,0.135131,0.0533875,0
431,44,44,0.275749,0.163208,0.0323108,0.0879844,21.195,0.135107,0.0533211,0
432,44,44,0.275743,0.163225,0.0323183,0.0879844,21.195,0.135217,0.0533069,0
433,44,44,0.275739,0.163231,0.0323214,0.0879844,21.195,0.135272,0.0531629,0
434,44,44,0.275738,0.163233,0.0323232,0.0879844,21.195,0.13531,0.0531511,0
435,44,44,0.275738,0.163235,0.0323244,0.0879844,21.195,0.135338,0.0541658,0
436,44,44,0.275739,0.163236,0.0323254,0.0879844,21.195,0.13536,0.0548312,0
437,44,44,0.27574,0.163237,0.0323262,0.0879844,21.195,0.135379,0.0550809,0
438,44,44,0.275742,0.163238,0.0323266,0.0879844,21.195,0.135395,0.055334,0
439,44,44,0.275743,0.163238,0.0323271,0.0879844,21.195,0.135411,0.0551219,0
440,44,44,0.275749,0.163222,0.0323551,0.0879913,21.195,0.13541,0.0551222,0
441,45,45,0.275801,0.163093,0.0323685,0.0879913,21.195,0.135365,0.0549706,0
442,45,45,0.275795,0.163107,0.0323749,0.0879913,21.195,0.135472,0.054757,0
443,45,45,0.275793,0.163112,0.0323772,0.0879913,21.195,0.135525,0.0545684,0
444,45,45,0.275792,0.163113,0.0323783,0.0879913,21.195,0.135564,0.0543165,0
445,45,45,0.275792,0.163115,0.032379,0.0879913,21.195,0.135594,0.0539046,0
446,45,45,0.275793,0.163116,0.0323796,0.0879913,21.195,0.135616,0.0539985,0
447,45,45,0.275794,0.163116,0.03238,0.0879913,21.195,0.135636,0.0540909,0
448,45,45,0.275795,0.163117,0.0323804,0.0879913,21.195,0.135654,0.0542377,0
449,45,45,0.275796,0.163118,0.0323807,0.0879913,21.195,0.135671,0.0541643,0
450,45,45,0.275801,0.163102,0.0324075,0.0879945,21.195,0.135669,0.0541642,0
451,46,46,0.275854,0.162964,0.032424,0.0879945,21.195,0.135622,0.0541001,0
452,46,46,0.27585,0.162975,0.0324298,0.0879945,21.195,0.135722,0.0538759,0
453,46,46,0.275848,0.162978,0.0324315,0.0879945,21.195,0.135776,0.0536715,0
454,46,46,0.275847,0.162979,0.0324322,0.0879945,21.195,0.13581,0.0536271,0
455,46,46,0.275848,0.16298,0.0324325,0.0879945,21.195,0.135834,0.0537836,0
456,46,46,0.275848,0.162981,0.0324328,0.0879945,21.195,0.135856,0.0536401,0
457,46,46,0.275849,0.162981,0.0324329,0.0879945,21.195,0.135873,0.0536522,0
458,46,46,0.27585,0.162982,0.0324331,0.0879945,21.195,0.135891,0.0539931,0
459,46,46,0.275851,0.162982,0.0324333,0.0879945,21.195,0.135905,0.053879,0
460,46,46,0.275856,0.162969,0.0324583,0.0879964,21.195,0.135904,0.0538788,0
461,47,47,0.275911,0.162823,0.0324777,0.0879964,21.195,0.135855,0.0537719,0
462,47,47,0.275908,0.162832,0.0324828,0.0879964,21.195,0.135943,0.0535117,0
463,47,47,0.275906,0.162833,0.0324843,0.0879964,21.195,0.135993,0.0534265,0
464,47,47,0.275905,0.162833,0.0324848,0.0879964,21.195,0.136021,0.0534608,0
465,47,47,0.275906,0.162834,0.0324851,0.0879964,21.195,0.136048,0.0533961,0
466,47,47,0.275906,0.162834,0.0324852,0.0879964,21.195,0.136065,0.0532673,0
467,47,47,0.275907,0.162834,0.0324854,0.0879964,21.195,0.136085,0.0532215,0
468,47,47,0.275908,0.162835,0.0324856,0.0879964,21.195,0.136098,0.0531993,0
469,47,47,0.275909,0.162835,0.0324858,0.0879964,21.195,0.136115,0.0532046,0
470,47,47,0.275914,0.162823,0.0325086,0.0879981,21.195,0.136114,0.0532046,0
471,48,48,0.275972,0.162671,0.0325306,0.0879981,21.195,0.136058,0.053072,0
472,48,48,0.275968,0.162677,0.0325355,0.0879981,21.195,0.136152,0.053146,0
473,48,48,0.275966,0.162678,0.0325368,0.0879981,21.195,0.136202,0.0530936,0
474,48,48,0.275965,0.162677,0.0325373,0.0879981,21.195,0.136237,0.0531888,0
475,48,48,0.275965,0.162677,0.0325376,0.0879981,21.195,0.136263,0.0531836,0
476,48,48,0.275966,0.162676,0.0325378,0.0879981,21.195,0.136284,0.0532716,0
477,48,48,0.275967,0.162677,0.0325381,0.0879981,21.195,0.136303,0.0532463,0
478,48,48,0.275968,0.162677,0.0325384,0.0879981,21.195,0.136319,0.0531234,0
479,48,48,0.275969,0.162677,0.0325386,0.0879981,21.195,0.136335,0.0536173,0
480,48,48,0.275973,0.162667,0.0325583,0.0880004,21.195,0.136334,0.0536174,0
481,49,49,0.276035,0.162508,0.0325826,0.0880004,21.195,0.136292,0.0540358,0
482,49,49,0.276031,0.162513,0.0325871,0.0880004,21.195,0.136387,0.0539032,0
483,49,49,0.276029,0.162511,0.0325882,0.0880004,21.195,0.136432,0.0538469,0
484,49,49,0.276028,0.16251,0.0325886,0.0880004,21.195,0.136466,0.0536785,0
485,49,49,0.276028,0.162509,0.0325888,0.0880004,21.195,0.136488,0.0536666,0
486,49,49,0.276029,0.162509,0.0325891,0.0880004,21.195,0.136509,0.053589,0
487,49,49,0.27603,0.162509,0.0325893,0.0880004,21.195,0.136525,0.053435,0
488,49,49,0.276031,0.162509,0.0325896,0.0880004,21.195,0.136542,0.0532579,0
489,49,49,0.276032,0.162509,0.0325899,0.0880004,21.195,0.136555,0.053287,0
490,49,49,0.276037,0.1625,0.0326073,0.0880032,21.195,0.136554,0.0532872,0
491,50,50,0.276099,0.162337,0.0326331,0.0880032,21.195,0.13652,0.0532659,0
492,50,50,0.276097,0.162339,0.0326372,0.0880032,21.195,0.136606,0.0531946,0
493,50,50,0.276094,0.162337,0.0326384,0.0880032,21.195,0.136654,0.0531213,0
494,50,50,0.276094,0.162335,0.0326388,0.0880032,21.195,0.136681,0.0530427,0
495,50,50,0.276094,0.162334,0.0326391,0.0880032,21.195,0.136704,0.0529784,0
496,50,50,0.276095,0.162333,0.0326394,0.0880032,21.195,0.136722,0.0529938,0
497,50,50,0.276095,0.162333,0.0326398,0.0880032,21.195,0.13674,0.0533323,0
498,50,50,0.276096,0.162333,0.0326401,0.0880032,21.195,0.136754,0.0537428,0
499,50,50,0.276097,0.162333,0.0326405,0.0880032,21.195,0.136769,0.0536107,0
500,50,50,0.276103,0.162325,0.032656,0.088009,21.195,0.136768,0.0536112,0
501,51,51,0.276163,0.162157,0.0326836,0.088009,21.195,0.136735,0.0533977,0
502,51,51,0.276161,0.162158,0.0326868,0.088009,21.195,0.13683,0.0532477,0
503,51,51,0.276161,0.162155,0.0326878,0.088009,21.195,0.136878,0.0531791,0
504,51,51,0.276161,0.162153,0.0326884,0.088009,21.195,0.136907,0.0532609,0
505,51,51,0.276161,0.162151,0.0326888,0.088009,21.195,0.13693,0.0533842,0
506,51,51,0.276162,0.16215,0.0326892,0.088009,21.195,0.136949,0.0533381,0
507,51,51,0.276163,0.162149,0.0326897,0.088009,21.195,0.136968,0.0533619,0
508,51,51,0.276164,0.162148,0.0326903,0.088009,21.195,0.136984,0.0538539,0
509,51,51,0.276165,0.162148,0.0326908,0.088009,21.195,0.137001,0.0540039,0
510,51,51,0.276171,0.162141,0.0327045,0.0880171,21.195,0.137,0.0540046,0
511,52,52,0.276232,0.161968,0.0327335,0.0880171,21.195,0.136974,0.0539691,0
512,52,52,0.276231,0.161966,0.032737,0.0880171,21.195,0.137061,0.0543375,0
513,52,52,0.276231,0.161963,0.032738,0.0880171,21.195,0.137112,0.0540301,0
514,52,52,0.276231,0.16196,0.0327386,0.0880171,21.195,0.137139,0.0542039,0
515,52,52,0.276231,0.161958,0.0327392,0.0880171,21.195,0.137164,0.0541181,0
516,52,52,0.276232,0.161956,0.0327394,0.0880171,21.195,0.137185,0.0540645,0
517,52,52,0.276233,0.161955,0.0327396,0.0880171,21.195,0.137205,0.05364,0
518,52,52,0.276234,0.161954,0.0327397,0.0880171,21.195,0.137223,0.0536561,0
519,52,52,0.276236,0.161954,0.03274,0.0880171,21.195,0.13724,0.0537286,0
520,52,52,0.276242,0.161949,0.0327519,0.088028,21.195,0.137239,0.0537296,0
521,53,53,0.276306,0.16177,0.0327823,0.088028,21.195,0.137214,0.0541923,0
522,53,53,0.276303,0.161767,0.0327849,0.088028,21.195,0.137309,0.0552836,0
523,53,53,0.276303,0.161762,0.0327853,0.088028,21.195,0.137364,0.0547309,0
524,53,53,0.276304,0.161759,0.0327847,0.088028,21.195,0.137403,0.0543419,0
525,53,53,0.276304,0.161756,0.0327846,0.088028,21.195,0.137432,0.0541992,0
526,53,53,0.276306,0.161755,0.0327849,0.088028,21.195,0.137458,0.0536634,0
527,53,53,0.276308,0.161754,0.0327853,0.088028,21.195,0.137477,0.0534179,0
528,53,53,0.276309,0.161753,0.0327859,0.088028,21.195,0.137492,0.0535295,0
529,53,53,0.27631,0.161752,0.0327863,0.088028,21.195,0.13751,0.0534014,0
530,53,53,0.276317,0.16175,0.032797,0.0880428,21.195,0.13751,0.0534029,0
531,54,54,0.276372,0.161567,0.0328282,0.0880428,21.195,0.137501,0.0531513,0
532,54,54,0.276377,0.161562,0.0328301,0.0880428,21.195,0.137602,0.0531728,0
533,54,54,0.276378,0.161557,0.0328306,0.0880428,21.195,0.137652,0.0531851,0
534,54,54,0.276379,0.161554,0.0328308,0.0880428,21.195,0.137688,0.0531714,0
535,54,54,0.276386,0.161553,0.032828,0.0880428,21.195,0.13775,0.0533416,0
536,54,54,0.276387,0.161554,0.0328284,0.0880428,21.195,0.137773,0.0532155,0
537,54,54,0.276388,0.161553,0.032829,0.0880428,21.195,0.13779,0.0531907,0
538,54,54,0.27639,0.161553,0.0328292,0.0880428,21.195,0.137815,0.053262,0
539,54,54,0.27639,0.161552,0.0328298,0.0880428,21.195,0.137828,0.0536415,0
540,54,54,0.2764,0.161546,0.0328386,0.0880639,21.195,0.137828,0.0536433,0
541,55,55,0.276463,0.161357,0.0328684,0.0880639,21.195,0.137855,0.0534565,0
542,55,55,0.276465,0.161351,0.0328706,0.0880639,21.195,0.13796,0.0534199,0
543,55,55,0.276466,0.161346,0.0328708,0.0880639,21.195,0.13802,0.0533591,0
544,55,55,0.276466,0.161342,0.0328706,0.0880639,21.195,0.138063,0.0539635,0
545,55,55,0.276468,0.161339,0.0328706,0.0880639,21.195,0.138098,0.0537353,0
546,55,55,0.276469,0.161336,0.0328706,0.0880639,21.195,0.138126,0.0546054,0
547,55,55,0.27647,0.161335,0.0328708,0.0880639,21.195,0.138153,0.0543069,0
548,55,55,0.276472,0.161333,0.0328711,0.0880639,21.195,0.138177,0.0541431,0
549,55,55,0.276473,0.161332,0.0328713,0.0880639,21.195,0.1382,0.053844,0
550,55,55,0.276488,0.161332,0.0328784,0.0880952,21.195,0.1382,0.0538464,0
551,56,56,0.276549,0.161139,0.0329099,0.0880952,21.195,0.138253,0.0536351,0
552,56,56,0.276552,0.161131,0.0329115,0.0880952,21.195,0.138369,0.0535235,0
553,56,56,0.276553,0.161124,0.0329112,0.0880952,21.195,0.138439,0.0534553,0
554,56,56,0.276555,0.16112,0.0329107,0.0880952,21.195,0.13849,0.0533728,0
555,56,56,0.276556,0.161117,0.0329104,0.0880952,21.195,0.138533,0.0533378,0
556,56,56,0.276558,0.161114,0.0329101,0.0880952,21.195,0.138571,0.0532902,0
557,56,56,0.27656,0.161113,0.0329101,0.0880952,21.195,0.138604,0.0532797,0
558,56,56,0.276562,0.161111,0.0329101,0.0880952,21.195,0.138635,0.053302,0
559,56,56,0.276563,0.16111,0.0329101,0.0880952,21.195,0.138665,0.053386,0
560,56,56,0.276584,0.161114,0.0329163,0.0881414,21.195,0.138666,0.0533896,0
561,57,57,0.276646,0.160918,0.0329494,0.0881414,21.195,0.13877,0.0533545,0
562,57,57,0.276649,0.160908,0.0329501,0.0881414,21.195,0.138906,0.0533822,0
563,57,57,0.276651,0.160901,0.0329493,0.0881414,21.195,0.138998,0.0533847,0
564,57,57,0.276652,0.160896,0.0329483,0.0881414,21.195,0.139063,0.0535193,0
565,57,57,0.276654,0.160893,0.0329478,0.0881414,21.195,0.139116,0.0535544,0
566,57,57,0.276656,0.160891,0.0329474,0.0881414,21.195,0.13916,0.0533801,0
567,57,57,0.276658,0.160889,0.0329472,0.0881414,21.195,0.139201,0.0533419,0
568,57,57,0.27666,0.160888,0.0329471,0.0881414,21.195,0.13924,0.0532605,0
569,57,57,0.276662,0.160886,0.0329471,0.0881414,21.195,0.139275,0.0533271,0
570,57,57,0.276692,0.160892,0.0329526,0.0882067,21.195,0.139278,0.0533324,0
571,58,58,0.276758,0.160696,0.0329872,0.0882067,21.195,0.139455,0.0533965,0
572,58,58,0.27676,0.160684,0.0329874,0.0882067,21.195,0.139612,0.0534889,0
573,58,58,0.276762,0.160678,0.0329862,0.0882067,21.195,0.139711,0.0538167,0
574,58,58,0.276764,0.160673,0.032985,0.0882067,21.195,0.139785,0.0543881,0
575,58,58,0.276766,0.16067,0.0329842,0.0882067,21.195,0.139846,0.0541953,0
576,58,58,0.276769,0.160667,0.0329838,0.0882067,21.195,0.139899,0.0539447,0
577,58,58,0.276771,0.160666,0.0329836,0.0882067,21.195,0.139948,0.0536661,0
578,58,58,0.276774,0.160665,0.0329835,0.0882067,21.195,0.139992,0.0550584,0
579,58,58,0.276776,0.160664,0.0329836,0.0882067,21.195,0.140035,0.0570305,0
580,58,58,0.276814,0.160671,0.0329882,0.0882868,21.195,0.140038,0.057037,0
581,59,59,0.27688,0.160474,0.0330248,0.0882868,21.195,0.140278,0.0570816,0
582,59,59,0.276885,0.160462,0.033025,0.0882868,21.195,0.140476,0.0563367,0
583,59,59,0.276887,0.160456,0.0330237,0.0882868,21.195,0.140588,0.0556342,0
584,59,59,0.27689,0.160452,0.0330225,0.0882868,21.195,0.14069,0.0548199,0
585,59,59,0.276893,0.160449,0.0330219,0.0882868,21.195,0.140772,0.0542862,0
586,59,59,0.276896,0.160448,0.0330215,0.0882868,21.195,0.140848,0.0540655,0
587,59,59,0.276899,0.160446,0.0330214,0.0882868,21.195,0.140908,0.0542134,0
588,59,59,0.276902,0.160445,0.0330214,0.0882868,21.195,0.140962,0.0542725,0
589,59,59,0.276906,0.160445,0.0330215,0.0882868,21.195,0.141011,0.0540909,0
590,59,59,0.276943,0.160453,0.0330245,0.0883684,21.195,0.141014,0.0540977,0
591,60,60,0.277012,0.160258,0.0330629,0.0883684,21.195,0.141353,0.0539538,0
592,60,60,0.277016,0.160247,0.0330637,0.0883684,21.195,0.141587,0.0542907,0
593,60,60,0.27702,0.160242,0.0330634,0.0883684,21.195,0.141732,0.0547908,0
594,60,60,0.277023,0.160239,0.033063,0.0883684,21.195,0.141841,0.0546109,0
595,60,60,0.277027,0.160237,0.0330629,0.0883684,21.195,0.141927,0.0542934,0
596,60,60,0.277031,0.160235,0.0330633,0.0883684,21.195,0.142002,0.0540547,0
597,60,60,0.277035,0.160235,0.0330638,0.0883684,21.195,0.142068,0.0539119,0
598,60,60,0.27704,0.160234,0.0330646,0.0883684,21.195,0.142129,0.053806,0
599,60,60,0.277044,0.160234,0.0330655,0.0883684,21.195,0.142185,0.053771,0
600,60,60,0.277076,0.160242,0.0330641,0.0884456,21.195,0.142188,0.0537778,0
601,61,61,0.277145,0.16005,0.0331044,0.0884456,21.195,0.142612,0.0538416,0
602,61,61,0.277152,0.160041,0.0331063,0.0884456,21.195,0.142838,0.0538324,0
603,61,61,0.277156,0.160037,0.0331064,0.0884456,21.195,0.142987,0.0538274,0
604,61,61,0.277161,0.160035,0.0331064,0.0884456,21.195,0.143097,0.0538471,0
605,61,61,0.277166,0.160034,0.0331067,0.0884456,21.195,0.143183,0.0538493,0
606,61,61,0.277172,0.160033,0.0331073,0.0884456,21.195,0.143257,0.0538617,0
607,61,61,0.277177,0.160033,0.033108,0.0884456,21.195,0.143322,0.0539515,0
608,61,61,0.277182,0.160033,0.0331088,0.0884456,21.195,0.143382,0.0539102,0
609,61,61,0.277187,0.160033,0.0331097,0.0884456,21.195,0.143437,0.0538847,0
610,61,61,0.277212,0.160039,0.0331066,0.0885055,21.195,0.14344,0.0538903,0
611,62,62,0.277284,0.159848,0.0331463,0.0885055,21.195,0.143882,0.0539193,0
612,62,62,0.277291,0.159841,0.033149,0.0885055,21.195,0.144143,0.0540859,0
613,62,62,0.277296,0.159839,0.0331498,0.0885055,21.195,0.144309,0.0542155,0
614,62,62,0.277301,0.159837,0.0331503,0.0885055,21.195,0.144423,0.0541791,0
615,62,62,0.277307,0.159836,0.0331511,0.0885055,21.195,0.144516,0.054141,0
616,62,62,0.277312,0.159836,0.0331521,0.0885055,21.195,0.14459,0.0540761,0
617,62,62,0.277317,0.159836,0.0331531,0.0885055,21.195,0.144658,0.0540788,0
618,62,62,0.277322,0.159835,0.0331543,0.0885055,21.195,0.144711,0.0540454,0
619,62,62,0.277327,0.159836,0.0331554,0.0885055,21.195,0.144766,0.0541919,0
620,62,62,0.277344,0.159843,0.0331514,0.0885458,21.195,0.144767,0.0541957,0
621,63,63,0.277416,0.159654,0.0331933,0.0885458,21.195,0.145227,0.0545109,0
622,63,63,0.277422,0.159648,0.0331957,0.0885458,21.195,0.145483,0.0548114,0
623,63,63,0.277427,0.159647,0.0331965,0.0885458,21.195,0.145645,0.0547453,0
624,63,63,0.277433,0.159646,0.0331968,0.0885458,21.195,0.145766,0.0548586,0
625,63,63,0.27744,0.159647,0.0331958,0.0885458,21.195,0.145906,0.0550552,0
626,63,63,0.277446,0.159646,0.033196,0.0885458,21.195,0.145998,0.0544642,0
627,63,63,0.277452,0.159645,0.0331967,0.0885458,21.195,0.146028,0.0546364,0
628,63,63,0.277457,0.159645,0.0331977,0.0885458,21.195,0.14608,0.0547933,0
629,63,63,0.277462,0.159645,0.0331988,0.0885458,21.195,0.146106,0.0547645,0
630,63,63,0.277471,0.159655,0.0331965,0.0885703,21.195,0.146107,0.0547674,0
631,64,64,0.277539,0.159468,0.03324,0.0885703,21.195,0.146553,0.0546914,0
632,64,64,0.277547,0.159464,0.033242,0.0885703,21.195,0.146801,0.0547675,0
633,64,64,0.277553,0.159465,0.0332432,0.0885703,21.195,0.146951,0.0549335,0
634,64,64,0.27756,0.159466,0.033241,0.0885703,21.195,0.147062,0.0551618,0
635,64,64,0.277567,0.159468,0.0332422,0.0885703,21.195,0.14717,0.0544412,0
636,64,64,0.277573,0.159469,0.0332432,0.0885703,21.195,0.147206,0.0542828,0
637,64,64,0.277578,0.159469,0.0332446,0.0885703,21.195,0.147247,0.0544298,0
638,64,64,0.277583,0.159469,0.0332461,0.0885703,21.195,0.147297,0.054628,0
639,64,64,0.277587,0.15947,0.0332478,0.0885703,21.195,0.147341,0.05489,0
640,64,64,0.27759,0.159471,0.033244,0.0885802,21.195,0.147341,0.0548914,0
641,65,65,0.277656,0.159283,0.0332879,0.0885802,21.195,0.147728,0.0554023,0
642,65,65,0.277665,0.15928,0.0332908,0.0885802,21.195,0.147972,0.0554859,0
643,65,65,0.27767,0.159282,0.0332924,0.0885802,21.195,0.148085,0.0565962,0
644,65,65,0.277676,0.159284,0.033294,0.0885802,21.195,0.148166,0.0568934,0
645,65,65,0.277681,0.159285,0.0332958,0.0885802,21.195,0.148237,0.0569553,0
646,65,65,0.277687,0.159286,0.0332975,0.0885802,21.195,0.148305,0.0558617,0
647,65,65,0.277692,0.159288,0.0332993,0.0885802,21.195,0.148339,0.0556044,0
648,65,65,0.277696,0.159289,0.0333009,0.0885802,21.195,0.148386,0.055756,0
649,65,65,0.277701,0.15929,0.0333028,0.0885802,21.195,0.148432,0.0561632,0
650,65,65,0.2777,0.159285,0.0332974,0.0885798,21.195,0.148431,0.0561632,0
651,66,66,0.277763,0.159093,0.033345,0.0885798,21.195,0.148735,0.0551809,0
652,66,66,0.27777,0.159091,0.0333481,0.0885798,21.195,0.148941,0.0556513,0
653,66,66,0.277775,0.159092,0.0333502,0.0885798,21.195,0.149063,0.0565977,0
654,66,66,0.277781,0.159094,0.0333525,0.0885798,21.195,0.149152,0.0551507,0
655,66,66,0.277786,0.159096,0.0333539,0.0885798,21.195,0.149209,0.0561703,0
656,66,66,0.27779,0.159097,0.0333561,0.0885798,21.195,0.149254,0.0550045,0
657,66,66,0.277795,0.159099,0.0333572,0.0885798,21.195,0.149289,0.0565609,0
658,66,66,0.277799,0.159099,0.0333589,0.0885798,21.195,0.149324,0.0555792,0
659,66,66,0.277803,0.159101,0.0333596,0.0885798,21.195,0.149355,0.0566453,0
660,66,66,0.277799,0.159094,0.0333525,0.0885703,21.195,0.149353,0.0566443,0
661,67,67,0.277859,0.158897,0.0334017,0.0885703,21.195,0.149565,0.0553577,0
662,67,67,0.277866,0.158894,0.0334037,0.0885703,21.195,0.149751,0.0569623,0
663,67,67,0.277872,0.158894,0.0334022,0.0885703,21.195,0.14989,0.056028,0
664,67,67,0.277878,0.158894,0.0333998,0.0885703,21.195,0.149976,0.0560178,0
665,67,67,0.277884,0.158893,0.0333992,0.0885703,21.195,0.150029,0.0573917,0
666,67,67,0.277889,0.158893,0.0334003,0.0885703,21.195,0.15007,0.0563325,0
667,67,67,0.277895,0.158897,0.0333927,0.0885703,21.195,0.150147,0.0580497,0
668,67,67,0.277899,0.158896,0.0333884,0.0885703,21.195,0.1502,0.0567228,0
669,67,67,0.277903,0.158896,0.0333864,0.0885703,21.195,0.150234,0.0581804,0
670,67,67,0.277895,0.158888,0.0333856,0.088555,21.195,0.150233,0.0581804,0
671,68,68,0.27795,0.158688,0.0334275,0.088555,21.195,0.150446,0.056345,0
672,68,68,0.27796,0.158684,0.0334235,0.088555,21.195,0.150632,0.058145,0
673,68,68,0.277967,0.158681,0.0334187,0.088555,21.195,0.15075,0.0563435,0
674,68,68,0.277972,0.158679,0.0334175,0.088555,21.195,0.150805,0.0556537,0
675,68,68,0.277977,0.158679,0.0334191,0.088555,21.195,0.150837,0.0576736,0
676,68,68,0.27798,0.158679,0.0334233,0.088555,21.195,0.15086,0.0559839,0
677,68,68,0.277984,0.158682,0.0334273,0.088555,21.195,0.150883,0.0580189,0
678,68,68,0.277987,0.158682,0.0334298,0.088555,21.195,0.150911,0.0560754,0
679,68,68,0.27799,0.158684,0.0334302,0.088555,21.195,0.150938,0.055509,0
680,68,68,0.277978,0.158682,0.0334317,0.088534,21.195,0.150937,0.0555079,0
681,69,69,0.278026,0.158479,0.0334809,0.088534,21.195,0.151046,0.0551325,0
682,69,69,0.278035,0.158475,0.033482,0.088534,21.195,0.151199,0.0549944,0
683,69,69,0.278041,0.158477,0.0334837,0.088534,21.195,0.151279,0.054989,0
684,69,69,0.278045,0.158479,0.0334863,0.088534,21.195,0.151327,0.0549998,0
685,69,69,0.278049,0.15848,0.0334893,0.088534,21.195,0.15136,0.0549897,0
686,69,69,0.278053,0.158482,0.0334926,0.088534,21.195,0.151383,0.0549888,0
687,69,69,0.278056,0.158483,0.0334959,0.088534,21.195,0.151401,0.0550569,0
688,69,69,0.27806,0.158485,0.0334991,0.088534,21.195,0.151415,0.0552408,0
689,69,69,0.278063,0.158486,0.0335022,0.088534,21.195,0.151427,0.0553083,0
690,69,69,0.278048,0.15848,0.0334999,0.0885077,21.195,0.151424,0.0553055,0
691,70,70,0.278091,0.158271,0.0335566,0.0885077,21.195,0.151452,0.0551663,0
692,70,70,0.278102,0.158266,0.0335601,0.0885077,21.195,0.151563,0.0550917,0
693,70,70,0.278107,0.158267,0.0335627,0.0885077,21.195,0.151626,0.0550722,0
694,70,70,0.278111,0.158268,0.033565,0.0885077,21.195,0.151665,0.055144,0
695,70,70,0.278115,0.158268,0.0335672,0.0885077,21.195,0.151693,0.0552805,0
696,70,70,0.278119,0.158269,0.0335692,0.0885077,21.195,0.151714,0.0552332,0
697,70,70,0.278122,0.158269,0.0335712,0.0885077,21.195,0.15173,0.0554651,0
698,70,70,0.278125,0.15827,0.0335731,0.0885077,21.195,0.151745,0.0558705,0
699,70,70,0.278128,0.15827,0.0335748,0.0885077,21.195,0.151757,0.0558282,0
700,70,70,0.27811,0.158266,0.0335713,0.0884797,21.195,0.151753,0.055825,0
701,71,71,0.278152,0.158049,0.0336289,0.0884797,21.195,0.151735,0.0555901,0
702,71,71,0.278161,0.158043,0.033632,0.0884797,21.195,0.15183,0.0558852,0
703,71,71,0.278166,0.158042,0.0336342,0.0884797,21.195,0.151884,0.0563008,0
704,71,71,0.27817,0.158042,0.0336358,0.0884797,21.195,0.151918,0.0562773,0
705,71,71,0.278173,0.158041,0.0336373,0.0884797,21.195,0.151944,0.0559354,0
706,71,71,0.278176,0.158041,0.0336386,0.0884797,21.195,0.151961,0.0556681,0
707,71,71,0.278179,0.15804,0.0336399,0.0884797,21.195,0.151978,0.0560369,0
708,71,71,0.278181,0.15804,0.033641,0.0884797,21.195,0.151989,0.0561434,0
709,71,71,0.278183,0.15804,0.033642,0.0884797,21.195,0.152002,0.0560664,0
710,71,71,0.278163,0.15804,0.0336395,0.0884514,21.195,0.151999,0.0560633,0
711,72,72,0.278202,0.157819,0.0336972,0.0884514,21.195,0.151965,0.0559064,0
712,72,72,0.27821,0.157811,0.0336995,0.0884514,21.195,0.152042,0.0558089,0
713,72,72,0.278214,0.157809,0.0337009,0.0884514,21.195,0.152085,0.0560579,0
714,72,72,0.278217,0.157808,0.0337019,0.0884514,21.195,0.152109,0.0564625,0
715,72,72,0.27822,0.157807,0.0337027,0.0884514,21.195,0.152128,0.0563435,0
716,72,72,0.278223,0.157806,0.0337035,0.0884514,21.195,0.15214,0.0559535,0
717,72,72,0.278225,0.157805,0.0337043,0.0884514,21.195,0.152152,0.0557526,0
718,72,72,0.278227,0.157805,0.0337049,0.0884514,21.195,0.15216,0.0555346,0
719,72,72,0.278228,0.157805,0.0337055,0.0884514,21.195,0.152169,0.0555214,0
720,72,72,0.278208,0.157805,0.0337043,0.0884251,21.195,0.152166,0.0555186,0
721,73,73,0.278243,0.157582,0.0337625,0.0884251,21.195,0.152115,0.0553546,0
722,73,73,0.27825,0.157573,0.0337639,0.0884251,21.195,0.152174,0.0552268,0
723,73,73,0.278253,0.157571,0.0337646,0.0884251,21.195,0.152254,0.0554031,0
724,73,73,0.278256,0.157569,0.0337648,0.0884251,21.195,0.152222,0.0554428,0
725,73,73,0.278258,0.157567,0.0337651,0.0884251,21.195,0.152284,0.0554223,0
726,73,73,0.27826,0.157566,0.0337653,0.0884251,21.195,0.152245,0.0553359,0
727,73,73,0.278262,0.157565,0.0337655,0.0884251,21.195,0.152303,0.0553989,0
728,73,73,0.278263,0.157564,0.0337657,0.0884251,21.195,0.152261,0.0553273,0
729,73,73,0.278264,0.157564,0.0337658,0.0884251,21.195,0.152317,0.0556766,0
730,73,73,0.278245,0.157563,0.0337663,0.0884026,21.195,0.152314,0.055674,0
731,74,74,0.278276,0.157339,0.0338251,0.0884026,21.195,0.152248,0.0555135,0
732,74,74,0.278282,0.157329,0.0338257,0.0884026,21.195,0.152296,0.0556154,0
733,74,74,0.278285,0.157326,0.0338255,0.0884026,21.195,0.152318,0.055535,0
734,74,74,0.278287,0.157324,0.0338251,0.0884026,21.195,0.152333,0.0553746,0
735,74,74,0.278289,0.157322,0.0338248,0.0884026,21.195,0.15234,0.0555713,0
736,74,74,0.27829,0.157321,0.0338245,0.0884026,21.195,0.15235,0.0558513,0
737,74,74,0.278291,0.157319,0.033824,0.0884026,21.195,0.152354,0.0556381,0
738,74,74,0.278293,0.157318,0.0338236,0.0884026,21.195,0.152358,0.0554614,0
739,74,74,0.278293,0.157318,0.0338233,0.0884026,21.195,0.15236,0.0553904,0
740,74,74,0.278276,0.157316,0.0338257,0.0883851,21.195,0.152358,0.0553882,0
741,75,75,0.278308,0.15709,0.0338855,0.0883851,21.195,0.152297,0.0552211,0
742,75,75,0.278308,0.15708,0.0338852,0.0883851,21.195,0.152334,0.0552208,0
743,75,75,0.27831,0.157076,0.0338843,0.0883851,21.195,0.152349,0.0551234,0
744,75,75,0.278312,0.157074,0.0338832,0.0883851,21.195,0.152362,0.055154,0
745,75,75,0.278313,0.157072,0.0338823,0.0883851,21.195,0.152365,0.0556085,0
746,75,75,0.278314,0.15707,0.0338816,0.0883851,21.195,0.152375,0.0556792,0
747,75,75,0.278315,0.157068,0.0338806,0.0883851,21.195,0.152373,0.0554608,0
748,75,75,0.278316,0.157067,0.0338797,0.0883851,21.195,0.152382,0.0553726,0
749,75,75,0.278316,0.157067,0.033879,0.0883851,21.195,0.152379,0.0553738,0
750,75,75,0.278301,0.157063,0.0338828,0.0883752,21.195,0.152376,0.0553722,0
751,76,76,0.278324,0.156837,0.0339441,0.0883752,21.195,0.152326,0.0552633,0
752,76,76,0.278329,0.156826,0.033943,0.0883752,21.195,0.152347,0.0553221,0
753,76,76,0.278331,0.156822,0.0339412,0.0883752,21.195,0.152366,0.055321,0
754,76,76,0.278332,0.156818,0.0339394,0.0883752,21.195,0.152362,0.0554003,0
755,76,76,0.278333,0.156816,0.033938,0.0883752,21.195,0.152374,0.0554599,0
756,76,76,0.278334,0.156814,0.0339365,0.0883752,21.195,0.152366,0.0554939,0
757,76,76,0.278335,0.156812,0.0339354,0.0883752,21.195,0.152372,0.0554619,0
758,76,76,0.278335,0.156811,0.0339342,0.0883752,21.195,0.152362,0.0553852,0
759,76,76,0.278335,0.15681,0.0339332,0.0883752,21.195,0.152369,0.0553492,0
760,76,76,0.278324,0.156807,0.0339375,0.0883759,21.195,0.152367,0.0553483,0
761,77,77,0.278344,0.15658,0.0340003,0.0883759,21.195,0.152307,0.0555349,0
762,77,77,0.278347,0.156568,0.0339985,0.0883759,21.195,0.152331,0.0554443,0
763,77,77,0.278348,0.156563,0.0339957,0.0883759,21.195,0.152343,0.055377,0
764,77,77,0.278349,0.156559,0.0339932,0.0883759,21.195,0.152347,0.0553096,0
765,77,77,0.27835,0.156556,0.0339912,0.0883759,21.195,0.152357,0.0551921,0
766,77,77,0.27835,0.156554,0.0339894,0.0883759,21.195,0.152358,0.0551657,0
767,77,77,0.278351,0.156552,0.0339878,0.0883759,21.195,0.152369,0.0552394,0
768,77,77,0.278351,0.156551,0.0339863,0.0883759,21.195,0.152369,0.0552955,0
769,77,77,0.278351,0.15655,0.0339849,0.0883759,21.195,0.152379,0.0552201,0
770,77,77,0.278344,0.156548,0.0339897,0.0883888,21.195,0.152378,0.0552201,0
771,78,78,0.278359,0.156322,0.0340542,0.0883888,21.195,0.152339,0.0552209,0
772,78,78,0.278362,0.156308,0.0340516,0.0883888,21.195,0.152376,0.0551741,0
773,78,78,0.278364,0.156303,0.0340482,0.0883888,21.195,0.152393,0.0551472,0
774,78,78,0.278365,0.156298,0.0340451,0.0883888,21.195,0.15241,0.0552335,0
775,78,78,0.278365,0.156295,0.0340425,0.0883888,21.195,0.152425,0.055415,0
776,78,78,0.278366,0.156293,0.0340402,0.0883888,21.195,0.152436,0.0553589,0
777,78,78,0.278367,0.15629,0.0340379,0.0883888,21.195,0.152448,0.0552609,0
778,78,78,0.278367,0.156289,0.0340359,0.0883888,21.195,0.152457,0.0552477,0
779,78,78,0.278368,0.156288,0.0340341,0.0883888,21.195,0.152468,0.0553635,0
780,78,78,0.278365,0.156286,0.0340396,0.0884162,21.195,0.152468,0.0553645,0
781,79,79,0.278376,0.156061,0.0341055,0.0884162,21.195,0.152478,0.0553781,0
782,79,79,0.278382,0.156049,0.0341009,0.0884162,21.195,0.152587,0.0555739,0
783,79,79,0.278384,0.156043,0.0340965,0.0884162,21.195,0.152616,0.0554071,0
784,79,79,0.278385,0.156038,0.0340924,0.0884162,21.195,0.152637,0.0554327,0
785,79,79,0.278386,0.156035,0.034089,0.0884162,21.195,0.152665,0.055592,0
786,79,79,0.278387,0.156033,0.034086,0.0884162,21.195,0.15268,0.0555105,0
787,79,79,0.278388,0.15603,0.0340831,0.0884162,21.195,0.152703,0.0554301,0
788,79,79,0.278389,0.156029,0.0340806,0.0884162,21.195,0.152715,0.0563778,0
789,79,79,0.27839,0.156028,0.0340783,0.0884162,21.195,0.152738,0.0571171,0
790,79,79,0.278392,0.156025,0.0340853,0.0884587,21.195,0.152739,0.0571195,0
791,80,80,0.278405,0.155803,0.034151,0.0884587,21.195,0.152849,0.0572227,0
792,80,80,0.278407,0.155788,0.0341471,0.0884587,21.195,0.15292,0.0567397,0
793,80,80,0.278408,0.155781,0.0341424,0.0884587,21.195,0.152953,0.0563141,0
794,80,80,0.278409,0.155776,0.0341381,0.0884587,21.195,0.15299,0.0559446,0
795,80,80,0.27841,0.155771,0.0341343,0.0884587,21.195,0.153016,0.0558542,0
796,80,80,0.278411,0.155768,0.0341311,0.0884587,21.195,0.153041,0.0560231,0
797,80,80,0.278412,0.155765,0.0341282,0.0884587,21.195,0.153062,0.0564106,0
798,80,80,0.278413,0.155763,0.0341257,0.0884587,21.195,0.153082,0.0562565,0
799,80,80,0.278414,0.155761,0.0341233,0.0884587,21.195,0.153101,0.056041,0
800,80,80,0.27842,0.155763,0.0341307,0.0885142,21.195,0.153102,0.0560445,0
801,81,81,0.278426,0.155545,0.0342004,0.0885142,21.195,0.153248,0.0558077,0
802,81,81,0.278429,0.155528,0.0341954,0.0885142,21.195,0.153336,0.0556878,0
803,81,81,0.278431,0.15552,0.0341899,0.0885142,21.195,0.153405,0.055819,0
804,81,81,0.278433,0.155514,0.034185,0.0885142,21.195,0.153441,0.0556774,0
805,81,81,0.278435,0.15551,0.0341807,0.0885142,21.195,0.153489,0.0556331,0
806,81,81,0.278436,0.155506,0.034177,0.0885142,21.195,0.153515,0.0555654,0
807,81,81,0.278438,0.155503,0.0341738,0.0885142,21.195,0.153554,0.0556846,0
808,81,81,0.27844,0.155501,0.0341709,0.0885142,21.195,0.153573,0.0556667,0
809,81,81,0.278441,0.1555,0.0341682,0.0885142,21.195,0.153608,0.0556508,0
810,81,81,0.27845,0.155507,0.0341761,0.0885796,21.195,0.15361,0.0556553,0
811,82,82,0.278454,0.155293,0.0342493,0.0885796,21.195,0.15381,0.0556505,0
812,82,82,0.278457,0.155277,0.0342436,0.0885796,21.195,0.15394,0.0557226,0
813,82,82,0.27846,0.155269,0.0342374,0.0885796,21.195,0.154024,0.0557439,0
814,82,82,0.278463,0.155263,0.0342312,0.0885796,21.195,0.1541,0.0557958,0
815,82,82,0.278466,0.155259,0.0342254,0.0885796,21.195,0.154182,0.0558686,0
816,82,82,0.278472,0.155256,0.0342192,0.0885796,21.195,0.154297,0.0559036,0
817,82,82,0.278476,0.155252,0.0342134,0.0885796,21.195,0.15438,0.0560466,0
818,82,82,0.278479,0.155248,0.0342084,0.0885796,21.195,0.154453,0.0563493,0
819,82,82,0.278482,0.155246,0.0342041,0.0885796,21.195,0.154515,0.0563419,0
820,82,82,0.27849,0.155267,0.0342168,0.0886515,21.195,0.154519,0.0563484,0
821,83,83,0.278494,0.155066,0.0342911,0.0886515,21.195,0.155003,0.0568344,0
822,83,83,0.278499,0.155051,0.0342835,0.0886515,21.195,0.155284,0.0571419,0
823,83,83,0.278502,0.155044,0.0342775,0.0886515,21.195,0.155445,0.0571239,0
824,83,83,0.278504,0.155038,0.0342729,0.0886515,21.195,0.155569,0.0572431,0
825,83,83,0.278506,0.155035,0.0342696,0.0886515,21.195,0.155625,0.0571813,0
826,83,83,0.278508,0.155033,0.0342667,0.0886515,21.195,0.155689,0.0575676,0
827,83,83,0.27851,0.155031,0.0342645,0.0886515,21.195,0.155683,0.0575699,0
828,83,83,0.278511,0.155029,0.0342627,0.0886515,21.195,0.155697,0.0581522,0
829,83,83,0.278512,0.155029,0.0342614,0.0886515,21.195,0.15567,0.056181,0
830,83,83,0.278524,0.155033,0.0342686,0.0887241,21.195,0.155673,0.0561863,0
831,84,84,0.278522,0.154829,0.034349,0.0887241,21.195,0.156061,0.0557445,0
832,84,84,0.278527,0.154816,0.0343412,0.0887241,21.195,0.156081,0.0556138,0
833,84,84,0.278532,0.154809,0.034332,0.0887241,21.195,0.156129,0.0555606,0
834,84,84,0.278536,0.154803,0.034323,0.0887241,21.195,0.156147,0.055574,0
835,84,84,0.278541,0.154798,0.0343148,0.0887241,21.195,0.1562,0.0555598,0
836,84,84,0.278546,0.154793,0.0343076,0.0887241,21.195,0.156215,0.0556647,0
837,84,84,0.278551,0.154789,0.0343013,0.0887241,21.195,0.156264,0.0557477,0
838,84,84,0.278555,0.154786,0.0342958,0.0887241,21.195,0.156276,0.0557396,0
839,84,84,0.278558,0.154783,0.0342908,0.0887241,21.195,0.156322,0.0556702,0
840,84,84,0.278563,0.154776,0.0343054,0.0887959,21.195,0.156326,0.0556767,0
841,85,85,0.278562,0.154576,0.0343827,0.0887959,21.195,0.156513,0.0554516,0
842,85,85,0.278565,0.154563,0.0343742,0.0887959,21.195,0.156643,0.0554526,0
843,85,85,0.278569,0.154557,0.0343668,0.0887959,21.195,0.156745,0.0554494,0
844,85,85,0.278573,0.154551,0.0343605,0.0887959,21.195,0.15682,0.0554693,0
845,85,85,0.278577,0.154547,0.0343553,0.0887959,21.195,0.156879,0.0555749,0
846,85,85,0.27858,0.154544,0.0343511,0.0887959,21.195,0.156929,0.0555049,0
847,85,85,0.278584,0.154541,0.0343474,0.0887959,21.195,0.156971,0.0554951,0
848,85,85,0.278588,0.154539,0.0343442,0.0887959,21.195,0.157012,0.0554905,0
849,85,85,0.278591,0.154537,0.0343414,0.0887959,21.195,0.157048,0.0554675,0
850,85,85,0.278596,0.154531,0.0343571,0.0888676,21.195,0.157053,0.055474,0
851,86,86,0.278591,0.154334,0.0344393,0.0888676,21.195,0.157327,0.0553886,0
852,86,86,0.278594,0.154324,0.0344342,0.0888676,21.195,0.157442,0.0554542,0
853,86,86,0.278596,0.154319,0.0344295,0.0888676,21.195,0.157594,0.0554553,0
854,86,86,0.278599,0.154315,0.0344255,0.0888676,21.195,0.15764,0.0554343,0
855,86,86,0.278602,0.154312,0.0344224,0.0888676,21.195,0.157748,0.0555525,0
856,86,86,0.278606,0.15431,0.0344199,0.0888676,21.195,0.157766,0.0554893,0
857,86,86,0.278609,0.154309,0.0344178,0.0888676,21.195,0.157857,0.0555005,0
858,86,86,0.278613,0.154308,0.034416,0.0888676,21.195,0.157862,0.0554624,0
859,86,86,0.278616,0.154306,0.0344144,0.0888676,21.195,0.157943,0.0554519,0
860,86,86,0.278625,0.154303,0.0344271,0.0889357,21.195,0.157947,0.0554576,0
861,87,87,0.278617,0.15411,0.0345153,0.0889357,21.195,0.1582,0.0554462,0
862,87,87,0.27862,0.154098,0.0345138,0.0889357,21.195,0.158387,0.0554659,0
863,87,87,0.278623,0.154095,0.0345118,0.0889357,21.195,0.15852,0.0554559,0
864,87,87,0.278625,0.154092,0.0345098,0.0889357,21.195,0.158604,0.0556465,0
865,87,87,0.278628,0.15409,0.0345082,0.0889357,21.195,0.158687,0.0556688,0
866,87,87,0.278632,0.154089,0.0345069,0.0889357,21.195,0.158774,0.0556955,0
867,87,87,0.278633,0.15409,0.0345061,0.0889357,21.195,0.158813,0.055631,0
868,87,87,0.278636,0.15409,0.034505,0.0889357,21.195,0.158861,0.0555865,0
869,87,87,0.278639,0.15409,0.0345041,0.0889357,21.195,0.158909,0.0555456,0
870,87,87,0.278652,0.15409,0.0345122,0.0889994,21.195,0.158912,0.0555506,0
871,88,88,0.278643,0.1539,0.0346057,0.0889994,21.195,0.159231,0.0555607,0
872,88,88,0.278646,0.15389,0.034607,0.0889994,21.195,0.159436,0.0556552,0
873,88,88,0.278649,0.153887,0.0346067,0.0889994,21.195,0.15957,0.055693,0
874,88,88,0.278651,0.153884,0.034606,0.0889994,21.195,0.159667,0.0557136,0
875,88,88,0.278655,0.153883,0.0346054,0.0889994,21.195,0.159744,0.0557183,0
876,88,88,0.278658,0.153881,0.0346049,0.0889994,21.195,0.159808,0.0556639,0
877,88,88,0.278661,0.15388,0.0346045,0.0889994,21.195,0.159864,0.055625,0
878,88,88,0.278665,0.15388,0.0346041,0.0889994,21.195,0.159914,0.0556133,0
879,88,88,0.278668,0.15388,0.0346038,0.0889994,21.195,0.159961,0.0556053,0
880,88,88,0.278681,0.153884,0.0346084,0.0890537,21.195,0.159963,0.0556097,0
881,89,89,0.278672,0.153695,0.0347056,0.0890537,21.195,0.160324,0.0556526,0
882,89,89,0.278676,0.153685,0.0347091,0.0890537,21.195,0.160534,0.0557139,0
883,89,89,0.278679,0.153682,0.0347104,0.0890537,21.195,0.160671,0.0557112,0
884,89,89,0.278682,0.15368,0.0347109,0.0890537,21.195,0.160768,0.055824,0
885,89,89,0.278686,0.153679,0.0347113,0.0890537,21.195,0.160846,0.0558933,0
886,89,89,0.278689,0.153678,0.0347117,0.0890537,21.195,0.160907,0.0558501,0
887,89,89,0.278693,0.153677,0.034712,0.0890537,21.195,0.160963,0.0557968,0
888,89,89,0.278696,0.153676,0.0347123,0.0890537,21.195,0.161013,0.0557502,0
889,89,89,0.278699,0.153676,0.0347125,0.0890537,21.195,0.16106,0.0557403,0
890,89,89,0.27871,0.153683,0.0347136,0.0890989,21.195,0.161062,0.0557441,0
891,90,90,0.278702,0.153497,0.0348133,0.0890989,21.195,0.161449,0.0558098,0
892,90,90,0.278708,0.153487,0.0348183,0.0890989,21.195,0.161662,0.0558759,0
893,90,90,0.278711,0.153485,0.0348209,0.0890989,21.195,0.161795,0.0558956,0
894,90,90,0.278714,0.153483,0.0348224,0.0890989,21.195,0.161895,0.0559112,0
895,90,90,0.278718,0.153482,0.0348237,0.0890989,21.195,0.161974,0.0559023,0
896,90,90,0.278722,0.153481,0.0348248,0.0890989,21.195,0.162041,0.0559081,0
897,90,90,0.278726,0.153481,0.0348258,0.0890989,21.195,0.1621,0.0559391,0
898,90,90,0.27873,0.15348,0.0348266,0.0890989,21.195,0.162153,0.0559884,0
899,90,90,0.278733,0.153481,0.0348274,0.0890989,21.195,0.162201,0.0559517,0
900,90,90,0.278739,0.153487,0.0348263,0.0891357,21.195,0.162203,0.0559551,0
901,91,91,0.278732,0.153307,0.034928,0.0891357,21.195,0.162636,0.055967,0
902,91,91,0.278739,0.153298,0.0349339,0.0891357,21.195,0.162847,0.0559736,0
903,91,91,0.278743,0.153297,0.0349374,0.0891357,21.195,0.162983,0.0559717,0
904,91,91,0.278747,0.153296,0.0349398,0.0891357,21.195,0.163082,0.0560209,0
905,91,91,0.278751,0.153295,0.0349419,0.0891357,21.195,0.163162,0.0560443,0
906,91,91,0.278755,0.153295,0.0349437,0.0891357,21.195,0.163232,0.0560574,0
907,91,91,0.278759,0.153295,0.0349453,0.0891357,21.195,0.163293,0.0560436,0
908,91,91,0.278763,0.153296,0.0349468,0.0891357,21.195,0.163347,0.0560634,0
909,91,91,0.278767,0.153296,0.034948,0.0891357,21.195,0.163398,0.0560478,0
910,91,91,0.278766,0.153297,0.0349461,0.0891659,21.195,0.1634,0.0560512,0
911,92,92,0.278761,0.153127,0.0350495,0.0891659,21.195,0.163935,0.0560802,0
912,92,92,0.278764,0.153127,0.0350566,0.0891659,21.195,0.164141,0.0560859,0
913,92,92,0.278768,0.153128,0.0350605,0.0891659,21.195,0.164276,0.056102,0
914,92,92,0.278772,0.153129,0.0350633,0.0891659,21.195,0.164379,0.0561165,0
915,92,92,0.278776,0.153128,0.0350658,0.0891659,21.195,0.164453,0.056123,0
916,92,92,0.278781,0.153128,0.0350679,0.0891659,21.195,0.164519,0.056129,0
917,92,92,0.278785,0.153128,0.0350698,0.0891659,21.195,0.164573,0.056127,0
918,92,92,0.278789,0.153128,0.0350715,0.0891659,21.195,0.164622,0.0561234,0
919,92,92,0.278793,0.153128,0.035073,0.0891659,21.195,0.164665,0.0561259,0
920,92,92,0.278793,0.153123,0.0350693,0.0892037,21.195,0.164668,0.0561301,0
921,93,93,0.278788,0.152963,0.0351745,0.0892037,21.195,0.165268,0.056194,0
922,93,93,0.278796,0.152958,0.035181,0.0892037,21.195,0.16543,0.0562125,0
923,93,93,0.278801,0.15296,0.0351853,0.0892037,21.195,0.165605,0.0562412,0
924,93,93,0.278805,0.15296,0.0351886,0.0892037,21.195,0.165649,0.0562463,0
925,93,93,0.278809,0.15296,0.0351914,0.0892037,21.195,0.165769,0.0562496,0
926,93,93,0.278813,0.152961,0.0351939,0.0892037,21.195,0.16578,0.0562464,0
927,93,93,0.278818,0.152961,0.0351962,0.0892037,21.195,0.165879,0.0562557,0
928,93,93,0.278822,0.152961,0.0351981,0.0892037,21.195,0.165877,0.0562578,0
929,93,93,0.278825,0.152962,0.0351999,0.0892037,21.195,0.165967,0.0562654,0
930,93,93,0.278822,0.152955,0.0351951,0.0892349,21.195,0.16597,0.0562692,0
931,94,94,0.278819,0.152797,0.0353014,0.0892349,21.195,0.166496,0.0563371,0
932,94,94,0.278828,0.152795,0.0353083,0.0892349,21.195,0.1667,0.0563623,0
933,94,94,0.278832,0.152797,0.0353128,0.0892349,21.195,0.166825,0.0563734,0
934,94,94,0.278836,0.152798,0.0353163,0.0892349,21.195,0.166917,0.0563869,0
935,94,94,0.27884,0.152798,0.0353194,0.0892349,21.195,0.166988,0.0563881,0
936,94,94,0.278844,0.152799,0.0353221,0.0892349,21.195,0.167049,0.0563977,0
937,94,94,0.278848,0.152799,0.0353244,0.0892349,21.195,0.1671,0.0564025,0
938,94,94,0.278852,0.1528,0.0353265,0.0892349,21.195,0.167147,0.056414,0
939,94,94,0.278855,0.1528,0.0353284,0.0892349,21.195,0.167188,0.056409,0
940,94,94,0.278854,0.152795,0.0353209,0.089266,21.195,0.167191,0.0564128,0
941,95,95,0.278851,0.152639,0.0354278,0.089266,21.195,0.16771,0.0564878,0
942,95,95,0.27886,0.152637,0.0354343,0.089266,21.195,0.167909,0.0565006,0
943,95,95,0.278865,0.152638,0.0354388,0.089266,21.195,0.168028,0.0565284,0
944,95,95,0.278868,0.152639,0.0354423,0.089266,21.195,0.168117,0.0565296,0
945,95,95,0.278872,0.15264,0.0354454,0.089266,21.195,0.168183,0.0565402,0
946,95,95,0.278876,0.15264,0.0354481,0.089266,21.195,0.16824,0.0565381,0
947,95,95,0.278879,0.152641,0.0354505,0.089266,21.195,0.168289,0.0565562,0
948,95,95,0.278883,0.152641,0.0354527,0.089266,21.195,0.16833,0.0565502,0
949,95,95,0.278886,0.152642,0.0354546,0.089266,21.195,0.16837,0.0569227,0
950,95,95,0.278886,0.152637,0.0354454,0.0892961,21.195,0.168372,0.0569264,0
951,96,96,0.278882,0.152483,0.0355528,0.0892961,21.195,0.168863,0.0572461,0
952,96,96,0.278891,0.15248,0.0355587,0.0892961,21.195,0.169046,0.0572394,0
953,96,96,0.278896,0.152481,0.0355629,0.0892961,21.195,0.16916,0.0570851,0
954,96,96,0.2789,0.152481,0.0355662,0.0892961,21.195,0.169241,0.0569771,0
955,96,96,0.278903,0.152486,0.0355706,0.0892961,21.195,0.169305,0.057029,0
956,96,96,0.278906,0.152486,0.0355734,0.0892961,21.195,0.169359,0.0571774,0
957,96,96,0.27891,0.152486,0.0355757,0.0892961,21.195,0.169403,0.0571361,0
958,96,96,0.278914,0.152486,0.0355777,0.0892961,21.195,0.169445,0.0569987,0
959,96,96,0.278917,0.152486,0.0355794,0.0892961,21.195,0.169481,0.056905,0
960,96,96,0.278918,0.152483,0.0355679,0.0893252,21.195,0.169483,0.0569083,0
961,97,97,0.278912,0.152331,0.0356755,0.0893252,21.195,0.169932,0.0569082,0
962,97,97,0.278921,0.152327,0.035681,0.0893252,21.195,0.17011,0.0569655,0
963,97,97,0.278926,0.152327,0.0356849,0.0893252,21.195,0.170223,0.0569221,0
964,97,97,0.27893,0.152327,0.035688,0.0893252,21.195,0.170305,0.0569397,0
965,97,97,0.278933,0.152327,0.0356909,0.0893252,21.195,0.170367,0.0569785,0
966,97,97,0.278937,0.152327,0.0356935,0.0893252,21.195,0.17042,0.0569436,0
967,97,97,0.278941,0.152328,0.0356958,0.0893252,21.195,0.170463,0.0569374,0
968,97,97,0.278944,0.152328,0.0356979,0.0893252,21.195,0.170505,0.056924,0
969,97,97,0.278947,0.152328,0.0356998,0.0893252,21.195,0.17054,0.0570044,0
970,97,97,0.27895,0.152326,0.0356879,0.0893532,21.195,0.170542,0.0570075,0
971,98,98,0.278942,0.152173,0.0357948,0.0893532,21.195,0.170962,0.057065,0
972,98,98,0.278951,0.152168,0.0358,0.0893532,21.195,0.171136,0.0570483,0
973,98,98,0.278955,0.152168,0.0358038,0.0893532,21.195,0.171249,0.0571246,0
974,98,98,0.278959,0.152168,0.0358069,0.0893532,21.195,0.171329,0.0570966,0
975,98,98,0.278963,0.152168,0.0358098,0.0893532,21.195,0.171394,0.0570895,0
976,98,98,0.278967,0.152168,0.0358124,0.0893532,21.195,0.171445,0.0570483,0
977,98,98,0.27897,0.152168,0.0358148,0.0893532,21.195,0.171492,0.0570507,0
978,98,98,0.278973,0.152169,0.035817,0.0893532,21.195,0.171531,0.0570567,0
979,98,98,0.278977,0.152169,0.0358189,0.0893532,21.195,0.17157,0.0570431,0
980,98,98,0.278979,0.152168,0.0358066,0.0893806,21.195,0.171572,0.0570461,0
981,99,99,0.27897,0.152015,0.0359136,0.0893806,21.195,0.171974,0.0570956,0
982,99,99,0.278978,0.15201,0.0359185,0.0893806,21.195,0.172147,0.0570983,0
983,99,99,0.278982,0.15201,0.0359222,0.0893806,21.195,0.17226,0.0571324,0
984,99,99,0.278986,0.15201,0.0359253,0.0893806,21.195,0.172339,0.0571525,0
985,99,99,0.278989,0.152009,0.0359283,0.0893806,21.195,0.172405,0.0571396,0
986,99,99,0.278993,0.15201,0.035931,0.0893806,21.195,0.172457,0.057129,0
987,99,99,0.278996,0.15201,0.0359336,0.0893806,21.195,0.172507,0.0571378,0
988,99,99,0.278999,0.15201,0.0359359,0.0893806,21.195,0.172547,0.0571465,0
989,99,99,0.279002,0.152011,0.035938,0.0893806,21.195,0.172588,0.0571663,0
990,99,99,0.279005,0.152011,0.035925,0.0894096,21.195,0.17259,0.0571693,0
991,100,100,0.278994,0.15186,0.0360324,0.0894096,21.195,0.172983,0.0572455,0
992,100,100,0.279002,0.151855,0.036037,0.0894096,21.195,0.173177,0.0572856,0
993,100,100,0.279006,0.151855,0.0360406,0.0894096,21.195,0.173297,0.0573022,0
994,100,100,0.279009,0.151854,0.0360437,0.0894096,21.195,0.173385,0.057283,0
995,100,100,0.279013,0.151854,0.0360468,0.0894096,21.195,0.173453,0.0573173,0
996,100,100,0.279016,0.151854,0.0360496,0.0894096,21.195,0.173511,0.0573531,0
997,100,100,0.279019,0.151855,0.0360523,0.0894096,21.195,0.173558,0.057351,0
998,100,100,0.279022,0.151855,0.0360547,0.0894096,21.195,0.173605,0.0573814,0
999,100,100,0.279025,0.151856,0.036057,0.0894096,21.195,0.173642,0.0573534,0
1000,100,100,0.279028,0.151856,0.0360441,0.089442,21.195,0.173645,0.0573567,0
